storeId,productId,stockLevel
5,11763511000001102,G
6,11763511000001102,G
9,11763511000001102,G
10,11763511000001102,R
11,11763511000001102,G
12,11763511000001102,G
14,11763511000001102,G
15,11763511000001102,R
16,11763511000001102,G
17,11763511000001102,G
18,11763511000001102,G
19,11763511000001102,G
20,11763511000001102,G
21,11763511000001102,G
22,11763511000001102,R
23,11763511000001102,G
26,11763511000001102,G
28,11763511000001102,R
29,11763511000001102,G
30,11763511000001102,G
32,11763511000001102,R
33,11763511000001102,G
34,11763511000001102,R
35,11763511000001102,A
36,11763511000001102,G
37,11763511000001102,R
38,11763511000001102,G
40,11763511000001102,G
41,11763511000001102,G
42,11763511000001102,G
44,11763511000001102,G
45,11763511000001102,G
46,11763511000001102,G
48,11763511000001102,G
51,11763511000001102,G
52,11763511000001102,R
53,11763511000001102,R
54,11763511000001102,R
55,11763511000001102,G
56,11763511000001102,A
57,11763511000001102,G
59,11763511000001102,G
61,11763511000001102,G
62,11763511000001102,G
64,11763511000001102,A
65,11763511000001102,G
66,11763511000001102,R
67,11763511000001102,G
71,11763511000001102,G
72,11763511000001102,G
73,11763511000001102,G
74,11763511000001102,G
75,11763511000001102,G
76,11763511000001102,R
77,11763511000001102,G
78,11763511000001102,R
79,11763511000001102,G
80,11763511000001102,R
81,11763511000001102,R
83,11763511000001102,G
84,11763511000001102,G
85,11763511000001102,G
86,11763511000001102,A
87,11763511000001102,G
89,11763511000001102,G
90,11763511000001102,R
92,11763511000001102,R
93,11763511000001102,G
95,11763511000001102,G
96,11763511000001102,G
97,11763511000001102,G
98,11763511000001102,A
100,11763511000001102,A
101,11763511000001102,G
106,11763511000001102,R
107,11763511000001102,G
108,11763511000001102,R
109,11763511000001102,A
110,11763511000001102,G
113,11763511000001102,G
116,11763511000001102,G
118,11763511000001102,G
119,11763511000001102,G
120,11763511000001102,G
122,11763511000001102,R
124,11763511000001102,R
125,11763511000001102,R
127,11763511000001102,G
128,11763511000001102,G
129,11763511000001102,G
130,11763511000001102,G
132,11763511000001102,G
134,11763511000001102,A
135,11763511000001102,G
137,11763511000001102,G
138,11763511000001102,G
140,11763511000001102,G
141,11763511000001102,G
142,11763511000001102,R
144,11763511000001102,G
146,11763511000001102,R
147,11763511000001102,G
148,11763511000001102,R
149,11763511000001102,G
150,11763511000001102,R
154,11763511000001102,A
155,11763511000001102,G
156,11763511000001102,G
158,11763511000001102,G
160,11763511000001102,G
161,11763511000001102,G
162,11763511000001102,A
163,11763511000001102,G
164,11763511000001102,A
165,11763511000001102,G
166,11763511000001102,G
167,11763511000001102,G
168,11763511000001102,A
169,11763511000001102,G
170,11763511000001102,G
171,11763511000001102,G
172,11763511000001102,G
174,11763511000001102,R
175,11763511000001102,A
176,11763511000001102,R
177,11763511000001102,G
178,11763511000001102,G
179,11763511000001102,G
181,11763511000001102,G
182,11763511000001102,G
183,11763511000001102,R
185,11763511000001102,G
189,11763511000001102,G
190,11763511000001102,G
191,11763511000001102,G
193,11763511000001102,R
196,11763511000001102,G
198,11763511000001102,G
199,11763511000001102,A
200,11763511000001102,G
203,11763511000001102,A
206,11763511000001102,R
209,11763511000001102,R
210,11763511000001102,R
211,11763511000001102,R
215,11763511000001102,G
216,11763511000001102,R
217,11763511000001102,R
218,11763511000001102,A
220,11763511000001102,R
221,11763511000001102,G
222,11763511000001102,G
223,11763511000001102,G
224,11763511000001102,G
225,11763511000001102,G
227,11763511000001102,R
229,11763511000001102,G
232,11763511000001102,R
233,11763511000001102,G
234,11763511000001102,R
235,11763511000001102,G
236,11763511000001102,G
237,11763511000001102,G
238,11763511000001102,R
239,11763511000001102,G
240,11763511000001102,R
241,11763511000001102,G
242,11763511000001102,G
243,11763511000001102,G
244,11763511000001102,G
245,11763511000001102,G
246,11763511000001102,G
247,11763511000001102,R
248,11763511000001102,A
249,11763511000001102,G
251,11763511000001102,G
252,11763511000001102,G
253,11763511000001102,R
254,11763511000001102,G
255,11763511000001102,G
256,11763511000001102,G
258,11763511000001102,G
259,11763511000001102,G
260,11763511000001102,A
261,11763511000001102,G
262,11763511000001102,A
263,11763511000001102,G
264,11763511000001102,G
267,11763511000001102,G
268,11763511000001102,G
272,11763511000001102,G
273,11763511000001102,R
274,11763511000001102,G
275,11763511000001102,G
276,11763511000001102,G
277,11763511000001102,A
280,11763511000001102,G
282,11763511000001102,G
283,11763511000001102,G
285,11763511000001102,G
286,11763511000001102,G
288,11763511000001102,R
290,11763511000001102,G
291,11763511000001102,G
292,11763511000001102,G
293,11763511000001102,G
294,11763511000001102,G
295,11763511000001102,G
296,11763511000001102,G
297,11763511000001102,G
299,11763511000001102,A
300,11763511000001102,G
301,11763511000001102,G
304,11763511000001102,G
305,11763511000001102,G
309,11763511000001102,R
310,11763511000001102,G
311,11763511000001102,G
313,11763511000001102,G
314,11763511000001102,G
315,11763511000001102,G
316,11763511000001102,R
317,11763511000001102,A
318,11763511000001102,G
319,11763511000001102,G
320,11763511000001102,G
322,11763511000001102,G
323,11763511000001102,G
324,11763511000001102,G
325,11763511000001102,R
326,11763511000001102,A
328,11763511000001102,G
330,11763511000001102,G
331,11763511000001102,G
332,11763511000001102,G
333,11763511000001102,G
335,11763511000001102,R
336,11763511000001102,G
337,11763511000001102,G
340,11763511000001102,A
341,11763511000001102,G
342,11763511000001102,G
345,11763511000001102,G
346,11763511000001102,G
349,11763511000001102,G
350,11763511000001102,G
351,11763511000001102,G
352,11763511000001102,A
353,11763511000001102,G
354,11763511000001102,G
355,11763511000001102,R
356,11763511000001102,G
358,11763511000001102,G
361,11763511000001102,G
362,11763511000001102,R
363,11763511000001102,A
364,11763511000001102,G
365,11763511000001102,G
366,11763511000001102,R
367,11763511000001102,R
368,11763511000001102,G
371,11763511000001102,A
372,11763511000001102,R
373,11763511000001102,G
375,11763511000001102,A
377,11763511000001102,G
380,11763511000001102,G
384,11763511000001102,G
385,11763511000001102,G
386,11763511000001102,R
388,11763511000001102,G
389,11763511000001102,G
390,11763511000001102,A
391,11763511000001102,G
392,11763511000001102,G
394,11763511000001102,G
395,11763511000001102,G
396,11763511000001102,A
398,11763511000001102,G
399,11763511000001102,G
401,11763511000001102,G
402,11763511000001102,G
403,11763511000001102,G
405,11763511000001102,G
408,11763511000001102,R
409,11763511000001102,G
411,11763511000001102,G
412,11763511000001102,G
415,11763511000001102,A
417,11763511000001102,G
419,11763511000001102,G
420,11763511000001102,G
421,11763511000001102,G
424,11763511000001102,A
425,11763511000001102,G
426,11763511000001102,R
427,11763511000001102,G
428,11763511000001102,G
432,11763511000001102,G
433,11763511000001102,G
434,11763511000001102,G
438,11763511000001102,G
439,11763511000001102,G
441,11763511000001102,A
443,11763511000001102,G
444,11763511000001102,G
445,11763511000001102,G
446,11763511000001102,A
447,11763511000001102,G
449,11763511000001102,G
451,11763511000001102,G
452,11763511000001102,G
453,11763511000001102,G
454,11763511000001102,G
455,11763511000001102,A
456,11763511000001102,A
458,11763511000001102,G
459,11763511000001102,G
460,11763511000001102,R
461,11763511000001102,G
463,11763511000001102,G
464,11763511000001102,G
465,11763511000001102,R
467,11763511000001102,G
468,11763511000001102,G
469,11763511000001102,G
471,11763511000001102,G
472,11763511000001102,G
473,11763511000001102,G
474,11763511000001102,G
476,11763511000001102,G
477,11763511000001102,R
478,11763511000001102,G
479,11763511000001102,G
481,11763511000001102,G
482,11763511000001102,G
483,11763511000001102,G
484,11763511000001102,G
487,11763511000001102,R
489,11763511000001102,G
490,11763511000001102,G
491,11763511000001102,G
492,11763511000001102,G
494,11763511000001102,G
495,11763511000001102,G
496,11763511000001102,R
500,11763511000001102,G
502,11763511000001102,G
503,11763511000001102,G
504,11763511000001102,R
505,11763511000001102,G
506,11763511000001102,R
507,11763511000001102,R
509,11763511000001102,R
510,11763511000001102,R
511,11763511000001102,G
512,11763511000001102,G
518,11763511000001102,G
519,11763511000001102,G
520,11763511000001102,R
522,11763511000001102,G
523,11763511000001102,G
524,11763511000001102,G
525,11763511000001102,G
526,11763511000001102,G
527,11763511000001102,G
528,11763511000001102,G
529,11763511000001102,R
530,11763511000001102,G
531,11763511000001102,G
533,11763511000001102,G
534,11763511000001102,G
537,11763511000001102,G
540,11763511000001102,R
541,11763511000001102,A
542,11763511000001102,A
543,11763511000001102,G
545,11763511000001102,G
546,11763511000001102,G
547,11763511000001102,G
548,11763511000001102,G
549,11763511000001102,G
550,11763511000001102,A
551,11763511000001102,G
553,11763511000001102,R
554,11763511000001102,G
556,11763511000001102,A
557,11763511000001102,G
559,11763511000001102,G
561,11763511000001102,G
562,11763511000001102,R
564,11763511000001102,G
565,11763511000001102,G
566,11763511000001102,G
567,11763511000001102,G
568,11763511000001102,G
571,11763511000001102,R
573,11763511000001102,A
574,11763511000001102,G
575,11763511000001102,G
576,11763511000001102,G
577,11763511000001102,G
579,11763511000001102,G
581,11763511000001102,A
583,11763511000001102,R
585,11763511000001102,G
587,11763511000001102,G
588,11763511000001102,R
590,11763511000001102,G
591,11763511000001102,G
592,11763511000001102,G
593,11763511000001102,G
594,11763511000001102,R
595,11763511000001102,G
596,11763511000001102,G
597,11763511000001102,G
600,11763511000001102,G
601,11763511000001102,R
602,11763511000001102,G
603,11763511000001102,G
605,11763511000001102,G
606,11763511000001102,G
610,11763511000001102,A
611,11763511000001102,G
615,11763511000001102,G
616,11763511000001102,G
617,11763511000001102,G
618,11763511000001102,G
619,11763511000001102,G
620,11763511000001102,G
622,11763511000001102,G
623,11763511000001102,G
625,11763511000001102,G
626,11763511000001102,R
627,11763511000001102,R
628,11763511000001102,G
630,11763511000001102,A
631,11763511000001102,G
632,11763511000001102,R
633,11763511000001102,G
634,11763511000001102,G
635,11763511000001102,A
636,11763511000001102,G
639,11763511000001102,G
640,11763511000001102,G
641,11763511000001102,G
642,11763511000001102,G
643,11763511000001102,G
644,11763511000001102,G
645,11763511000001102,G
646,11763511000001102,A
650,11763511000001102,G
651,11763511000001102,G
653,11763511000001102,G
655,11763511000001102,G
658,11763511000001102,G
659,11763511000001102,G
660,11763511000001102,G
661,11763511000001102,G
666,11763511000001102,G
667,11763511000001102,R
669,11763511000001102,G
670,11763511000001102,G
672,11763511000001102,G
674,11763511000001102,G
675,11763511000001102,G
676,11763511000001102,G
677,11763511000001102,G
678,11763511000001102,G
679,11763511000001102,G
680,11763511000001102,G
681,11763511000001102,G
682,11763511000001102,R
683,11763511000001102,G
684,11763511000001102,R
686,11763511000001102,G
691,11763511000001102,G
692,11763511000001102,G
693,11763511000001102,G
694,11763511000001102,G
695,11763511000001102,G
696,11763511000001102,R
698,11763511000001102,G
699,11763511000001102,R
700,11763511000001102,G
701,11763511000001102,G
703,11763511000001102,G
707,11763511000001102,G
713,11763511000001102,G
714,11763511000001102,G
715,11763511000001102,G
716,11763511000001102,G
717,11763511000001102,R
718,11763511000001102,G
719,11763511000001102,R
720,11763511000001102,R
721,11763511000001102,R
723,11763511000001102,A
725,11763511000001102,R
726,11763511000001102,A
728,11763511000001102,R
730,11763511000001102,G
731,11763511000001102,G
734,11763511000001102,G
735,11763511000001102,G
739,11763511000001102,R
740,11763511000001102,G
743,11763511000001102,R
744,11763511000001102,G
745,11763511000001102,G
746,11763511000001102,G
747,11763511000001102,G
748,11763511000001102,G
749,11763511000001102,G
750,11763511000001102,G
751,11763511000001102,G
752,11763511000001102,G
755,11763511000001102,G
756,11763511000001102,G
758,11763511000001102,G
759,11763511000001102,G
761,11763511000001102,G
762,11763511000001102,G
763,11763511000001102,G
767,11763511000001102,G
768,11763511000001102,A
769,11763511000001102,A
772,11763511000001102,G
773,11763511000001102,A
774,11763511000001102,G
775,11763511000001102,G
776,11763511000001102,G
777,11763511000001102,R
778,11763511000001102,G
779,11763511000001102,G
780,11763511000001102,G
781,11763511000001102,G
782,11763511000001102,G
783,11763511000001102,G
784,11763511000001102,R
785,11763511000001102,G
786,11763511000001102,G
787,11763511000001102,G
788,11763511000001102,G
792,11763511000001102,R
793,11763511000001102,G
795,11763511000001102,G
796,11763511000001102,G
797,11763511000001102,R
798,11763511000001102,G
800,11763511000001102,G
801,11763511000001102,G
803,11763511000001102,G
805,11763511000001102,G
806,11763511000001102,R
808,11763511000001102,G
809,11763511000001102,G
810,11763511000001102,R
811,11763511000001102,G
812,11763511000001102,G
813,11763511000001102,R
814,11763511000001102,R
815,11763511000001102,G
817,11763511000001102,R
819,11763511000001102,G
820,11763511000001102,G
821,11763511000001102,R
822,11763511000001102,G
824,11763511000001102,G
826,11763511000001102,G
827,11763511000001102,G
828,11763511000001102,G
829,11763511000001102,R
830,11763511000001102,G
831,11763511000001102,G
832,11763511000001102,G
834,11763511000001102,R
836,11763511000001102,G
837,11763511000001102,R
838,11763511000001102,R
839,11763511000001102,R
842,11763511000001102,G
843,11763511000001102,G
846,11763511000001102,G
847,11763511000001102,A
848,11763511000001102,G
849,11763511000001102,G
850,11763511000001102,A
853,11763511000001102,G
856,11763511000001102,G
857,11763511000001102,G
858,11763511000001102,G
859,11763511000001102,G
861,11763511000001102,A
862,11763511000001102,A
863,11763511000001102,G
864,11763511000001102,G
865,11763511000001102,G
866,11763511000001102,G
868,11763511000001102,G
869,11763511000001102,G
870,11763511000001102,G
871,11763511000001102,G
874,11763511000001102,G
875,11763511000001102,G
876,11763511000001102,R
877,11763511000001102,G
878,11763511000001102,R
879,11763511000001102,A
880,11763511000001102,R
881,11763511000001102,G
882,11763511000001102,G
883,11763511000001102,G
884,11763511000001102,G
885,11763511000001102,G
887,11763511000001102,R
888,11763511000001102,R
891,11763511000001102,G
892,11763511000001102,G
895,11763511000001102,R
897,11763511000001102,G
901,11763511000001102,G
906,11763511000001102,G
907,11763511000001102,G
908,11763511000001102,G
909,11763511000001102,G
910,11763511000001102,G
912,11763511000001102,G
914,11763511000001102,G
916,11763511000001102,A
917,11763511000001102,G
918,11763511000001102,G
919,11763511000001102,A
920,11763511000001102,R
921,11763511000001102,G
922,11763511000001102,G
923,11763511000001102,G
924,11763511000001102,G
925,11763511000001102,G
926,11763511000001102,A
927,11763511000001102,A
928,11763511000001102,G
929,11763511000001102,G
930,11763511000001102,G
931,11763511000001102,G
932,11763511000001102,G
934,11763511000001102,G
935,11763511000001102,G
936,11763511000001102,G
937,11763511000001102,G
938,11763511000001102,R
940,11763511000001102,G
941,11763511000001102,G
942,11763511000001102,G
944,11763511000001102,R
945,11763511000001102,R
946,11763511000001102,R
947,11763511000001102,G
948,11763511000001102,G
949,11763511000001102,G
950,11763511000001102,G
951,11763511000001102,G
953,11763511000001102,G
954,11763511000001102,R
956,11763511000001102,G
957,11763511000001102,G
959,11763511000001102,A
960,11763511000001102,G
961,11763511000001102,G
962,11763511000001102,G
963,11763511000001102,G
964,11763511000001102,G
965,11763511000001102,G
966,11763511000001102,G
967,11763511000001102,R
968,11763511000001102,R
969,11763511000001102,R
970,11763511000001102,A
972,11763511000001102,A
974,11763511000001102,A
978,11763511000001102,G
979,11763511000001102,R
981,11763511000001102,G
982,11763511000001102,G
983,11763511000001102,A
984,11763511000001102,A
985,11763511000001102,G
986,11763511000001102,G
987,11763511000001102,R
989,11763511000001102,G
990,11763511000001102,G
991,11763511000001102,G
992,11763511000001102,G
993,11763511000001102,G
994,11763511000001102,A
996,11763511000001102,A
997,11763511000001102,G
998,11763511000001102,G
1000,11763511000001102,G
1001,11763511000001102,G
1002,11763511000001102,R
1003,11763511000001102,G
1004,11763511000001102,R
1005,11763511000001102,G
1007,11763511000001102,G
1009,11763511000001102,G
1010,11763511000001102,G
1012,11763511000001102,G
1013,11763511000001102,G
1014,11763511000001102,G
1015,11763511000001102,G
1016,11763511000001102,G
1017,11763511000001102,R
1018,11763511000001102,G
1019,11763511000001102,G
1020,11763511000001102,G
1021,11763511000001102,R
1022,11763511000001102,R
1023,11763511000001102,G
1024,11763511000001102,A
1025,11763511000001102,R
1027,11763511000001102,A
1028,11763511000001102,G
1029,11763511000001102,G
1030,11763511000001102,R
1031,11763511000001102,G
1032,11763511000001102,R
1034,11763511000001102,G
1035,11763511000001102,G
1038,11763511000001102,G
1039,11763511000001102,G
1040,11763511000001102,G
1041,11763511000001102,G
1042,11763511000001102,G
1044,11763511000001102,A
1045,11763511000001102,G
1047,11763511000001102,G
1048,11763511000001102,G
1049,11763511000001102,R
1050,11763511000001102,G
1052,11763511000001102,G
1056,11763511000001102,R
1058,11763511000001102,G
1060,11763511000001102,G
1066,11763511000001102,G
1067,11763511000001102,G
1068,11763511000001102,R
1072,11763511000001102,R
1074,11763511000001102,A
1075,11763511000001102,A
1076,11763511000001102,G
1078,11763511000001102,G
1079,11763511000001102,R
1080,11763511000001102,A
1081,11763511000001102,G
1082,11763511000001102,R
1084,11763511000001102,G
1086,11763511000001102,A
1087,11763511000001102,A
1090,11763511000001102,G
1092,11763511000001102,G
1095,11763511000001102,G
1096,11763511000001102,G
1097,11763511000001102,R
1099,11763511000001102,R
1101,11763511000001102,G
1102,11763511000001102,G
1103,11763511000001102,G
1104,11763511000001102,R
1106,11763511000001102,G
1107,11763511000001102,G
1108,11763511000001102,G
1109,11763511000001102,G
1110,11763511000001102,G
1111,11763511000001102,G
1112,11763511000001102,G
1113,11763511000001102,G
1114,11763511000001102,R
1115,11763511000001102,A
1116,11763511000001102,G
1117,11763511000001102,R
1118,11763511000001102,G
1122,11763511000001102,R
1123,11763511000001102,G
1124,11763511000001102,R
1125,11763511000001102,G
1126,11763511000001102,R
1127,11763511000001102,G
1131,11763511000001102,R
1132,11763511000001102,G
1133,11763511000001102,R
1134,11763511000001102,G
1136,11763511000001102,G
1137,11763511000001102,R
1139,11763511000001102,R
1140,11763511000001102,G
1141,11763511000001102,R
1142,11763511000001102,R
1143,11763511000001102,G
1144,11763511000001102,G
1146,11763511000001102,G
1147,11763511000001102,G
1149,11763511000001102,R
1150,11763511000001102,G
1151,11763511000001102,R
1152,11763511000001102,G
1153,11763511000001102,A
1154,11763511000001102,G
1156,11763511000001102,G
1157,11763511000001102,R
1159,11763511000001102,R
1161,11763511000001102,G
1165,11763511000001102,R
1166,11763511000001102,A
1167,11763511000001102,R
1171,11763511000001102,G
1173,11763511000001102,R
1175,11763511000001102,G
1177,11763511000001102,R
1178,11763511000001102,R
1179,11763511000001102,G
1181,11763511000001102,G
1185,11763511000001102,G
1187,11763511000001102,R
1188,11763511000001102,R
1189,11763511000001102,A
1191,11763511000001102,G
1192,11763511000001102,G
1193,11763511000001102,G
1194,11763511000001102,G
1195,11763511000001102,G
1196,11763511000001102,R
1197,11763511000001102,A
1199,11763511000001102,G
1200,11763511000001102,A
1203,11763511000001102,R
1205,11763511000001102,G
1206,11763511000001102,G
1207,11763511000001102,R
1208,11763511000001102,A
1211,11763511000001102,G
1212,11763511000001102,G
1213,11763511000001102,G
1215,11763511000001102,G
1217,11763511000001102,G
1218,11763511000001102,R
1219,11763511000001102,A
1220,11763511000001102,G
1221,11763511000001102,G
1222,11763511000001102,G
1223,11763511000001102,G
1226,11763511000001102,G
1227,11763511000001102,G
1230,11763511000001102,R
1234,11763511000001102,R
1235,11763511000001102,G
1236,11763511000001102,G
1239,11763511000001102,G
1240,11763511000001102,R
1243,11763511000001102,R
1244,11763511000001102,G
1245,11763511000001102,G
1246,11763511000001102,R
1247,11763511000001102,G
1248,11763511000001102,R
1251,11763511000001102,G
1253,11763511000001102,G
1255,11763511000001102,G
1256,11763511000001102,G
1257,11763511000001102,G
1258,11763511000001102,G
1259,11763511000001102,G
1262,11763511000001102,R
1264,11763511000001102,G
1266,11763511000001102,G
1267,11763511000001102,G
1269,11763511000001102,A
1271,11763511000001102,R
1272,11763511000001102,G
1274,11763511000001102,G
1275,11763511000001102,G
1276,11763511000001102,R
1277,11763511000001102,G
1278,11763511000001102,G
1279,11763511000001102,R
1282,11763511000001102,R
1283,11763511000001102,G
1284,11763511000001102,G
1285,11763511000001102,G
1288,11763511000001102,R
1289,11763511000001102,A
1290,11763511000001102,G
1292,11763511000001102,R
1294,11763511000001102,R
1298,11763511000001102,G
1299,11763511000001102,R
1301,11763511000001102,G
1302,11763511000001102,G
1303,11763511000001102,R
1304,11763511000001102,A
1305,11763511000001102,G
1307,11763511000001102,R
1308,11763511000001102,R
1309,11763511000001102,G
1310,11763511000001102,G
1311,11763511000001102,G
1317,11763511000001102,G
1321,11763511000001102,G
1322,11763511000001102,G
1323,11763511000001102,G
1324,11763511000001102,G
1325,11763511000001102,G
1326,11763511000001102,G
1328,11763511000001102,G
1329,11763511000001102,G
1331,11763511000001102,R
1332,11763511000001102,R
1333,11763511000001102,G
1334,11763511000001102,G
1336,11763511000001102,G
1337,11763511000001102,G
1338,11763511000001102,G
1341,11763511000001102,R
1343,11763511000001102,R
1346,11763511000001102,A
1347,11763511000001102,G
1349,11763511000001102,G
1352,11763511000001102,G
1353,11763511000001102,G
1354,11763511000001102,G
1355,11763511000001102,G
1356,11763511000001102,R
1357,11763511000001102,G
1359,11763511000001102,G
1361,11763511000001102,G
1365,11763511000001102,G
1366,11763511000001102,A
1368,11763511000001102,G
1371,11763511000001102,A
1374,11763511000001102,G
1375,11763511000001102,A
1377,11763511000001102,G
1378,11763511000001102,R
1382,11763511000001102,R
1385,11763511000001102,G
1386,11763511000001102,G
1387,11763511000001102,R
1388,11763511000001102,G
1389,11763511000001102,R
1390,11763511000001102,G
1391,11763511000001102,G
1392,11763511000001102,R
1393,11763511000001102,A
1394,11763511000001102,R
1399,11763511000001102,R
1400,11763511000001102,G
1401,11763511000001102,R
1402,11763511000001102,G
1403,11763511000001102,G
1404,11763511000001102,R
1406,11763511000001102,G
1407,11763511000001102,G
1408,11763511000001102,R
1409,11763511000001102,G
1410,11763511000001102,G
1411,11763511000001102,G
1413,11763511000001102,G
1414,11763511000001102,A
1415,11763511000001102,G
1417,11763511000001102,G
1419,11763511000001102,R
1420,11763511000001102,R
1421,11763511000001102,G
1422,11763511000001102,G
1423,11763511000001102,G
1425,11763511000001102,R
1427,11763511000001102,G
1428,11763511000001102,G
1429,11763511000001102,G
1430,11763511000001102,G
1431,11763511000001102,R
1433,11763511000001102,G
1434,11763511000001102,G
1435,11763511000001102,G
1436,11763511000001102,G
1437,11763511000001102,G
1438,11763511000001102,R
1441,11763511000001102,G
1442,11763511000001102,A
1445,11763511000001102,R
1446,11763511000001102,R
1447,11763511000001102,G
1449,11763511000001102,R
1450,11763511000001102,G
1451,11763511000001102,R
1452,11763511000001102,G
1453,11763511000001102,G
1454,11763511000001102,A
1455,11763511000001102,R
1456,11763511000001102,R
1457,11763511000001102,G
1458,11763511000001102,G
1459,11763511000001102,R
1461,11763511000001102,G
1462,11763511000001102,G
1463,11763511000001102,G
1465,11763511000001102,G
1467,11763511000001102,G
1469,11763511000001102,G
1472,11763511000001102,R
1474,11763511000001102,G
1475,11763511000001102,G
1476,11763511000001102,R
1478,11763511000001102,G
1479,11763511000001102,G
1480,11763511000001102,G
1481,11763511000001102,G
1482,11763511000001102,G
1483,11763511000001102,G
1485,11763511000001102,G
1486,11763511000001102,R
1487,11763511000001102,G
1488,11763511000001102,G
1489,11763511000001102,G
1490,11763511000001102,G
1491,11763511000001102,A
1497,11763511000001102,R
1498,11763511000001102,G
1499,11763511000001102,G
1504,11763511000001102,G
1505,11763511000001102,R
1506,11763511000001102,A
1508,11763511000001102,R
1509,11763511000001102,G
1510,11763511000001102,R
1512,11763511000001102,R
1514,11763511000001102,R
1515,11763511000001102,A
1516,11763511000001102,G
1519,11763511000001102,G
1520,11763511000001102,A
1521,11763511000001102,G
1523,11763511000001102,G
1524,11763511000001102,G
1525,11763511000001102,R
1526,11763511000001102,A
1527,11763511000001102,G
1528,11763511000001102,G
1532,11763511000001102,G
1533,11763511000001102,G
1534,11763511000001102,G
1535,11763511000001102,G
1536,11763511000001102,G
1537,11763511000001102,G
1538,11763511000001102,R
1541,11763511000001102,G
1542,11763511000001102,G
1544,11763511000001102,G
1545,11763511000001102,G
1550,11763511000001102,G
1551,11763511000001102,R
1552,11763511000001102,R
1555,11763511000001102,R
1556,11763511000001102,G
1557,11763511000001102,G
1559,11763511000001102,G
1562,11763511000001102,G
1565,11763511000001102,R
1568,11763511000001102,G
1570,11763511000001102,R
1571,11763511000001102,G
1572,11763511000001102,A
1573,11763511000001102,G
1574,11763511000001102,G
1575,11763511000001102,G
1576,11763511000001102,G
1579,11763511000001102,G
1580,11763511000001102,G
1581,11763511000001102,G
1584,11763511000001102,G
1585,11763511000001102,R
1588,11763511000001102,R
1590,11763511000001102,R
1591,11763511000001102,G
1595,11763511000001102,G
1596,11763511000001102,G
1598,11763511000001102,G
1599,11763511000001102,R
1601,11763511000001102,G
1607,11763511000001102,G
1608,11763511000001102,R
1613,11763511000001102,G
1616,11763511000001102,G
1618,11763511000001102,R
1620,11763511000001102,G
1624,11763511000001102,G
1626,11763511000001102,G
1627,11763511000001102,R
1636,11763511000001102,G
1638,11763511000001102,G
1639,11763511000001102,R
1641,11763511000001102,G
1643,11763511000001102,G
1644,11763511000001102,R
1645,11763511000001102,G
1646,11763511000001102,G
1647,11763511000001102,G
1648,11763511000001102,G
1652,11763511000001102,G
1653,11763511000001102,G
1655,11763511000001102,R
1656,11763511000001102,R
1657,11763511000001102,G
1658,11763511000001102,R
1659,11763511000001102,G
1660,11763511000001102,G
1661,11763511000001102,G
1662,11763511000001102,R
1666,11763511000001102,G
1667,11763511000001102,R
1668,11763511000001102,R
1669,11763511000001102,G
1670,11763511000001102,G
1671,11763511000001102,G
1673,11763511000001102,R
1674,11763511000001102,G
1675,11763511000001102,G
1677,11763511000001102,A
1678,11763511000001102,G
1679,11763511000001102,G
1681,11763511000001102,G
1800,11763511000001102,R
1801,11763511000001102,G
1802,11763511000001102,G
1805,11763511000001102,G
1807,11763511000001102,R
1808,11763511000001102,A
1810,11763511000001102,G
1812,11763511000001102,R
1813,11763511000001102,G
1814,11763511000001102,G
1815,11763511000001102,G
1817,11763511000001102,G
1818,11763511000001102,G
1819,11763511000001102,G
1820,11763511000001102,R
1822,11763511000001102,R
1823,11763511000001102,G
1824,11763511000001102,R
1825,11763511000001102,G
1826,11763511000001102,G
1827,11763511000001102,G
1828,11763511000001102,G
1829,11763511000001102,G
1830,11763511000001102,G
1831,11763511000001102,A
1833,11763511000001102,G
1834,11763511000001102,G
1837,11763511000001102,G
1839,11763511000001102,G
1840,11763511000001102,G
1844,11763511000001102,R
1848,11763511000001102,G
1849,11763511000001102,G
1851,11763511000001102,G
1852,11763511000001102,R
1853,11763511000001102,G
1854,11763511000001102,G
1855,11763511000001102,G
1862,11763511000001102,G
1863,11763511000001102,R
1865,11763511000001102,R
1868,11763511000001102,R
1901,11763511000001102,G
1903,11763511000001102,G
1905,11763511000001102,R
1906,11763511000001102,G
1909,11763511000001102,R
1910,11763511000001102,G
1917,11763511000001102,G
1918,11763511000001102,R
1919,11763511000001102,G
1920,11763511000001102,G
1921,11763511000001102,R
1922,11763511000001102,R
1923,11763511000001102,G
1924,11763511000001102,R
1925,11763511000001102,G
1926,11763511000001102,G
1927,11763511000001102,G
1929,11763511000001102,G
1930,11763511000001102,G
1931,11763511000001102,G
1932,11763511000001102,A
1933,11763511000001102,R
1934,11763511000001102,G
1935,11763511000001102,R
1936,11763511000001102,G
1940,11763511000001102,R
1951,11763511000001102,A
1952,11763511000001102,G
1967,11763511000001102,G
1968,11763511000001102,A
1969,11763511000001102,R
1971,11763511000001102,G
1976,11763511000001102,A
1980,11763511000001102,G
1983,11763511000001102,R
1987,11763511000001102,G
1991,11763511000001102,G
1992,11763511000001102,A
1993,11763511000001102,G
1996,11763511000001102,R
1998,11763511000001102,G
1999,11763511000001102,G
2001,11763511000001102,G
2002,11763511000001102,A
2004,11763511000001102,A
2005,11763511000001102,G
2006,11763511000001102,G
2008,11763511000001102,G
2009,11763511000001102,R
2010,11763511000001102,G
2011,11763511000001102,G
2012,11763511000001102,G
2013,11763511000001102,G
2014,11763511000001102,A
2017,11763511000001102,R
2018,11763511000001102,R
2019,11763511000001102,R
2020,11763511000001102,G
2023,11763511000001102,G
2024,11763511000001102,G
2025,11763511000001102,G
2026,11763511000001102,G
2027,11763511000001102,G
2028,11763511000001102,G
2030,11763511000001102,G
2031,11763511000001102,R
2032,11763511000001102,R
2035,11763511000001102,R
2036,11763511000001102,R
2037,11763511000001102,G
2039,11763511000001102,G
2043,11763511000001102,G
2045,11763511000001102,R
2046,11763511000001102,R
2048,11763511000001102,R
2049,11763511000001102,R
2051,11763511000001102,R
2052,11763511000001102,G
2053,11763511000001102,G
2054,11763511000001102,G
2058,11763511000001102,A
2059,11763511000001102,R
2061,11763511000001102,G
2067,11763511000001102,G
2070,11763511000001102,G
2072,11763511000001102,G
2074,11763511000001102,G
2076,11763511000001102,G
2078,11763511000001102,G
2079,11763511000001102,G
2080,11763511000001102,G
2082,11763511000001102,G
2083,11763511000001102,R
2087,11763511000001102,G
2088,11763511000001102,G
2089,11763511000001102,A
2092,11763511000001102,G
2094,11763511000001102,R
2102,11763511000001102,G
2103,11763511000001102,G
2105,11763511000001102,G
2106,11763511000001102,R
2110,11763511000001102,G
2111,11763511000001102,G
2112,11763511000001102,G
2115,11763511000001102,R
2116,11763511000001102,G
2117,11763511000001102,G
2121,11763511000001102,G
2129,11763511000001102,R
2130,11763511000001102,G
2132,11763511000001102,R
2136,11763511000001102,A
2137,11763511000001102,R
2138,11763511000001102,A
2139,11763511000001102,R
2140,11763511000001102,R
2141,11763511000001102,R
2143,11763511000001102,R
2145,11763511000001102,G
2146,11763511000001102,G
2148,11763511000001102,R
2150,11763511000001102,G
2153,11763511000001102,R
2156,11763511000001102,G
2157,11763511000001102,G
2158,11763511000001102,R
2159,11763511000001102,R
2160,11763511000001102,G
2161,11763511000001102,A
2162,11763511000001102,G
2163,11763511000001102,G
2165,11763511000001102,G
2166,11763511000001102,R
2167,11763511000001102,G
2168,11763511000001102,R
2170,11763511000001102,G
2173,11763511000001102,G
2176,11763511000001102,G
2178,11763511000001102,G
2181,11763511000001102,G
2183,11763511000001102,R
2184,11763511000001102,G
2187,11763511000001102,G
2191,11763511000001102,G
2196,11763511000001102,G
2197,11763511000001102,G
2201,11763511000001102,G
2202,11763511000001102,R
2203,11763511000001102,A
2204,11763511000001102,G
2205,11763511000001102,G
2206,11763511000001102,R
2207,11763511000001102,G
2208,11763511000001102,G
2210,11763511000001102,R
2213,11763511000001102,R
2214,11763511000001102,G
2215,11763511000001102,G
2216,11763511000001102,G
2217,11763511000001102,R
2218,11763511000001102,G
2220,11763511000001102,R
2234,11763511000001102,A
2238,11763511000001102,R
2241,11763511000001102,G
2243,11763511000001102,G
2250,11763511000001102,R
2251,11763511000001102,G
2252,11763511000001102,R
2289,11763511000001102,G
2301,11763511000001102,G
2302,11763511000001102,R
2307,11763511000001102,R
2316,11763511000001102,R
2317,11763511000001102,G
2321,11763511000001102,G
2324,11763511000001102,R
2325,11763511000001102,G
2326,11763511000001102,R
2331,11763511000001102,G
2338,11763511000001102,G
2345,11763511000001102,R
2350,11763511000001102,G
2353,11763511000001102,G
2356,11763511000001102,G
2357,11763511000001102,G
2364,11763511000001102,A
2366,11763511000001102,G
2367,11763511000001102,R
2372,11763511000001102,G
2378,11763511000001102,R
2381,11763511000001102,G
2388,11763511000001102,R
4601,11763511000001102,G
4602,11763511000001102,G
4605,11763511000001102,G
4608,11763511000001102,G
4610,11763511000001102,G
4611,11763511000001102,A
4612,11763511000001102,G
4613,11763511000001102,A
4614,11763511000001102,G
4617,11763511000001102,G
4619,11763511000001102,R
4620,11763511000001102,G
4622,11763511000001102,G
4624,11763511000001102,G
4626,11763511000001102,R
4627,11763511000001102,G
4628,11763511000001102,G
4630,11763511000001102,G
4631,11763511000001102,R
4632,11763511000001102,R
4633,11763511000001102,R
4634,11763511000001102,R
4635,11763511000001102,R
4636,11763511000001102,G
4637,11763511000001102,G
4639,11763511000001102,G
4641,11763511000001102,G
4642,11763511000001102,R
4643,11763511000001102,R
4644,11763511000001102,G
4646,11763511000001102,G
4647,11763511000001102,G
4648,11763511000001102,G
4649,11763511000001102,R
4650,11763511000001102,G
4651,11763511000001102,G
4653,11763511000001102,G
4655,11763511000001102,G
4656,11763511000001102,R
4657,11763511000001102,R
4658,11763511000001102,G
4659,11763511000001102,R
4660,11763511000001102,G
4900,11763511000001102,G
5000,11763511000001102,G
5002,11763511000001102,A
5003,11763511000001102,G
5004,11763511000001102,G
5007,11763511000001102,R
5008,11763511000001102,R
5009,11763511000001102,G
5010,11763511000001102,G
5011,11763511000001102,G
5012,11763511000001102,G
5013,11763511000001102,G
5014,11763511000001102,R
5015,11763511000001102,G
5016,11763511000001102,G
5017,11763511000001102,G
5019,11763511000001102,G
5020,11763511000001102,G
5022,11763511000001102,G
5023,11763511000001102,G
5025,11763511000001102,R
5026,11763511000001102,G
5027,11763511000001102,G
5031,11763511000001102,G
5032,11763511000001102,R
5033,11763511000001102,G
5034,11763511000001102,G
5035,11763511000001102,G
5036,11763511000001102,G
5038,11763511000001102,G
5039,11763511000001102,G
5042,11763511000001102,G
5045,11763511000001102,G
5049,11763511000001102,A
5050,11763511000001102,G
5051,11763511000001102,G
5052,11763511000001102,R
5053,11763511000001102,G
5057,11763511000001102,G
5058,11763511000001102,G
5059,11763511000001102,G
5060,11763511000001102,R
5062,11763511000001102,R
5063,11763511000001102,R
5065,11763511000001102,R
5066,11763511000001102,G
5070,11763511000001102,R
5071,11763511000001102,A
5072,11763511000001102,G
5073,11763511000001102,G
5074,11763511000001102,R
5075,11763511000001102,G
5077,11763511000001102,G
5082,11763511000001102,G
5084,11763511000001102,G
5086,11763511000001102,G
5087,11763511000001102,G
5091,11763511000001102,G
5093,11763511000001102,G
5094,11763511000001102,G
5095,11763511000001102,A
5097,11763511000001102,G
5100,11763511000001102,G
5134,11763511000001102,G
5135,11763511000001102,R
5136,11763511000001102,R
5137,11763511000001102,G
5138,11763511000001102,A
5139,11763511000001102,R
5140,11763511000001102,G
5141,11763511000001102,R
5142,11763511000001102,A
5143,11763511000001102,G
5145,11763511000001102,R
5146,11763511000001102,R
5147,11763511000001102,G
5148,11763511000001102,G
5149,11763511000001102,G
5150,11763511000001102,R
5153,11763511000001102,G
5154,11763511000001102,R
5157,11763511000001102,A
5159,11763511000001102,G
5162,11763511000001102,G
5164,11763511000001102,G
5165,11763511000001102,R
5166,11763511000001102,R
5167,11763511000001102,G
5168,11763511000001102,R
5169,11763511000001102,R
5170,11763511000001102,R
5171,11763511000001102,A
5172,11763511000001102,G
5173,11763511000001102,G
5175,11763511000001102,A
5176,11763511000001102,G
5177,11763511000001102,G
5179,11763511000001102,R
5180,11763511000001102,G
5183,11763511000001102,R
5184,11763511000001102,G
5185,11763511000001102,G
5186,11763511000001102,G
5187,11763511000001102,R
5189,11763511000001102,G
5190,11763511000001102,G
5191,11763511000001102,G
5193,11763511000001102,G
5194,11763511000001102,G
5195,11763511000001102,G
5197,11763511000001102,G
5198,11763511000001102,G
5199,11763511000001102,G
5200,11763511000001102,R
5201,11763511000001102,G
5202,11763511000001102,G
5203,11763511000001102,G
5204,11763511000001102,A
5207,11763511000001102,G
5208,11763511000001102,G
5209,11763511000001102,G
5211,11763511000001102,G
5213,11763511000001102,G
5214,11763511000001102,G
5215,11763511000001102,G
5216,11763511000001102,G
5217,11763511000001102,R
5219,11763511000001102,G
5224,11763511000001102,R
5225,11763511000001102,R
5226,11763511000001102,R
5227,11763511000001102,A
5228,11763511000001102,R
5229,11763511000001102,G
5231,11763511000001102,G
5232,11763511000001102,G
5234,11763511000001102,G
5236,11763511000001102,R
5244,11763511000001102,G
5245,11763511000001102,G
5246,11763511000001102,G
5247,11763511000001102,R
5248,11763511000001102,R
5249,11763511000001102,G
5250,11763511000001102,G
5251,11763511000001102,G
5252,11763511000001102,R
5253,11763511000001102,G
5254,11763511000001102,G
5255,11763511000001102,G
5256,11763511000001102,G
5257,11763511000001102,R
5259,11763511000001102,G
5260,11763511000001102,G
5261,11763511000001102,G
5262,11763511000001102,R
5264,11763511000001102,G
5265,11763511000001102,G
5266,11763511000001102,R
5268,11763511000001102,R
5269,11763511000001102,A
5270,11763511000001102,G
5272,11763511000001102,G
5274,11763511000001102,R
5275,11763511000001102,R
5276,11763511000001102,R
5277,11763511000001102,R
5278,11763511000001102,G
5279,11763511000001102,G
5280,11763511000001102,G
5282,11763511000001102,G
5284,11763511000001102,G
5285,11763511000001102,R
5286,11763511000001102,G
5288,11763511000001102,R
5289,11763511000001102,G
5290,11763511000001102,G
5291,11763511000001102,G
5292,11763511000001102,G
5294,11763511000001102,G
5295,11763511000001102,R
5296,11763511000001102,G
5297,11763511000001102,R
5298,11763511000001102,G
5299,11763511000001102,G
5300,11763511000001102,G
5301,11763511000001102,G
5302,11763511000001102,R
5303,11763511000001102,G
5304,11763511000001102,G
5305,11763511000001102,R
5306,11763511000001102,R
5307,11763511000001102,G
5310,11763511000001102,G
5314,11763511000001102,R
5315,11763511000001102,G
5316,11763511000001102,A
5317,11763511000001102,R
5318,11763511000001102,R
5319,11763511000001102,G
5320,11763511000001102,A
5322,11763511000001102,G
5323,11763511000001102,A
5325,11763511000001102,R
5326,11763511000001102,R
5327,11763511000001102,G
5328,11763511000001102,A
5329,11763511000001102,R
5330,11763511000001102,G
5331,11763511000001102,G
5332,11763511000001102,R
5334,11763511000001102,G
5335,11763511000001102,G
5336,11763511000001102,G
5337,11763511000001102,R
5340,11763511000001102,G
5341,11763511000001102,G
5342,11763511000001102,G
5343,11763511000001102,A
5344,11763511000001102,G
5346,11763511000001102,G
5347,11763511000001102,G
5348,11763511000001102,R
5349,11763511000001102,G
5350,11763511000001102,G
5351,11763511000001102,G
5352,11763511000001102,G
5353,11763511000001102,R
5354,11763511000001102,R
5355,11763511000001102,G
5356,11763511000001102,G
5358,11763511000001102,R
5359,11763511000001102,R
5361,11763511000001102,A
5362,11763511000001102,G
5364,11763511000001102,G
5366,11763511000001102,G
5367,11763511000001102,G
5372,11763511000001102,A
5373,11763511000001102,G
5374,11763511000001102,R
5376,11763511000001102,G
5378,11763511000001102,R
5379,11763511000001102,R
5380,11763511000001102,R
5381,11763511000001102,R
5382,11763511000001102,G
5383,11763511000001102,G
5384,11763511000001102,G
5386,11763511000001102,G
5387,11763511000001102,G
5388,11763511000001102,G
5389,11763511000001102,A
5390,11763511000001102,G
5391,11763511000001102,A
5392,11763511000001102,G
5393,11763511000001102,G
5394,11763511000001102,G
5396,11763511000001102,R
5397,11763511000001102,R
5398,11763511000001102,G
5399,11763511000001102,G
5400,11763511000001102,G
5401,11763511000001102,G
5402,11763511000001102,G
5403,11763511000001102,G
5404,11763511000001102,G
5405,11763511000001102,R
5407,11763511000001102,R
5408,11763511000001102,G
5409,11763511000001102,G
5410,11763511000001102,R
5411,11763511000001102,G
5412,11763511000001102,A
5413,11763511000001102,A
5415,11763511000001102,G
5416,11763511000001102,G
5417,11763511000001102,G
5420,11763511000001102,G
5421,11763511000001102,G
5423,11763511000001102,G
5424,11763511000001102,G
5425,11763511000001102,G
5426,11763511000001102,G
5427,11763511000001102,G
5428,11763511000001102,A
5429,11763511000001102,G
5433,11763511000001102,R
5434,11763511000001102,R
5436,11763511000001102,R
5437,11763511000001102,R
5438,11763511000001102,R
5439,11763511000001102,G
5440,11763511000001102,A
5441,11763511000001102,R
5442,11763511000001102,G
5443,11763511000001102,G
5444,11763511000001102,A
5445,11763511000001102,G
5447,11763511000001102,R
5449,11763511000001102,R
5451,11763511000001102,G
5452,11763511000001102,G
5454,11763511000001102,G
5456,11763511000001102,G
5457,11763511000001102,G
5459,11763511000001102,G
5460,11763511000001102,G
5462,11763511000001102,R
5463,11763511000001102,G
5465,11763511000001102,R
5466,11763511000001102,G
5467,11763511000001102,R
5468,11763511000001102,R
5469,11763511000001102,R
5471,11763511000001102,R
5472,11763511000001102,G
5473,11763511000001102,G
5474,11763511000001102,R
5475,11763511000001102,G
5477,11763511000001102,G
5478,11763511000001102,G
5480,11763511000001102,R
5482,11763511000001102,R
5483,11763511000001102,G
5484,11763511000001102,G
5486,11763511000001102,G
5487,11763511000001102,G
5488,11763511000001102,G
5489,11763511000001102,G
5490,11763511000001102,R
5491,11763511000001102,G
5494,11763511000001102,G
5495,11763511000001102,G
5496,11763511000001102,G
5497,11763511000001102,G
5498,11763511000001102,G
5499,11763511000001102,G
5501,11763511000001102,A
5504,11763511000001102,G
5505,11763511000001102,R
5506,11763511000001102,G
5507,11763511000001102,R
5508,11763511000001102,R
5511,11763511000001102,G
5512,11763511000001102,G
5513,11763511000001102,A
5514,11763511000001102,G
5515,11763511000001102,A
5516,11763511000001102,A
5517,11763511000001102,R
5518,11763511000001102,R
5519,11763511000001102,G
5520,11763511000001102,G
5521,11763511000001102,G
5522,11763511000001102,G
5523,11763511000001102,G
5524,11763511000001102,R
5525,11763511000001102,G
5526,11763511000001102,G
5527,11763511000001102,R
5530,11763511000001102,G
5531,11763511000001102,G
5532,11763511000001102,G
5533,11763511000001102,G
5534,11763511000001102,G
5535,11763511000001102,G
5536,11763511000001102,G
5538,11763511000001102,G
5540,11763511000001102,G
5545,11763511000001102,G
5546,11763511000001102,G
5547,11763511000001102,G
5548,11763511000001102,G
5550,11763511000001102,R
5551,11763511000001102,G
5553,11763511000001102,R
5555,11763511000001102,G
5556,11763511000001102,A
5558,11763511000001102,R
5559,11763511000001102,R
5560,11763511000001102,G
5562,11763511000001102,G
5563,11763511000001102,R
5564,11763511000001102,G
5565,11763511000001102,G
5566,11763511000001102,G
5567,11763511000001102,G
5568,11763511000001102,R
5569,11763511000001102,G
5570,11763511000001102,A
5571,11763511000001102,G
5572,11763511000001102,G
5574,11763511000001102,A
5575,11763511000001102,R
5578,11763511000001102,G
5579,11763511000001102,G
5580,11763511000001102,G
5581,11763511000001102,G
5582,11763511000001102,A
5583,11763511000001102,G
5584,11763511000001102,G
5585,11763511000001102,R
5587,11763511000001102,G
5588,11763511000001102,G
5590,11763511000001102,G
5591,11763511000001102,R
5593,11763511000001102,G
5594,11763511000001102,R
5595,11763511000001102,G
5596,11763511000001102,G
5597,11763511000001102,G
5598,11763511000001102,G
5599,11763511000001102,G
5600,11763511000001102,R
5601,11763511000001102,G
5602,11763511000001102,A
5603,11763511000001102,R
5604,11763511000001102,G
5606,11763511000001102,G
5607,11763511000001102,R
5609,11763511000001102,G
5610,11763511000001102,G
5611,11763511000001102,G
5613,11763511000001102,G
5614,11763511000001102,G
5615,11763511000001102,G
5616,11763511000001102,G
5617,11763511000001102,G
5618,11763511000001102,R
5619,11763511000001102,G
5620,11763511000001102,R
5621,11763511000001102,R
5623,11763511000001102,G
5624,11763511000001102,G
5625,11763511000001102,G
5626,11763511000001102,A
5628,11763511000001102,G
5629,11763511000001102,G
5631,11763511000001102,G
5633,11763511000001102,G
5635,11763511000001102,G
5636,11763511000001102,R
5637,11763511000001102,R
5639,11763511000001102,G
5640,11763511000001102,G
5641,11763511000001102,A
5642,11763511000001102,G
5643,11763511000001102,G
5644,11763511000001102,G
5645,11763511000001102,A
5648,11763511000001102,R
5650,11763511000001102,G
5651,11763511000001102,G
5653,11763511000001102,R
5654,11763511000001102,G
5657,11763511000001102,G
5658,11763511000001102,G
5659,11763511000001102,G
5661,11763511000001102,A
5662,11763511000001102,R
5663,11763511000001102,R
5665,11763511000001102,R
5666,11763511000001102,G
5667,11763511000001102,G
5668,11763511000001102,G
5669,11763511000001102,G
5670,11763511000001102,G
5672,11763511000001102,R
5673,11763511000001102,R
5674,11763511000001102,R
5675,11763511000001102,G
5676,11763511000001102,G
5679,11763511000001102,G
5681,11763511000001102,R
5682,11763511000001102,R
5683,11763511000001102,G
5684,11763511000001102,R
5685,11763511000001102,R
5686,11763511000001102,R
5687,11763511000001102,R
5688,11763511000001102,G
5689,11763511000001102,G
5690,11763511000001102,A
5691,11763511000001102,R
5692,11763511000001102,R
5693,11763511000001102,G
5694,11763511000001102,G
5695,11763511000001102,G
5696,11763511000001102,R
5699,11763511000001102,G
5701,11763511000001102,R
5703,11763511000001102,G
5704,11763511000001102,R
5705,11763511000001102,G
5706,11763511000001102,G
5707,11763511000001102,G
5708,11763511000001102,G
5709,11763511000001102,G
5710,11763511000001102,G
5712,11763511000001102,G
5714,11763511000001102,G
5715,11763511000001102,G
5716,11763511000001102,R
5717,11763511000001102,G
5718,11763511000001102,R
5719,11763511000001102,G
5720,11763511000001102,A
5722,11763511000001102,G
5723,11763511000001102,G
5724,11763511000001102,G
5725,11763511000001102,G
5726,11763511000001102,G
5731,11763511000001102,G
5732,11763511000001102,G
5733,11763511000001102,G
5735,11763511000001102,A
5736,11763511000001102,R
5737,11763511000001102,R
5738,11763511000001102,G
5739,11763511000001102,R
5740,11763511000001102,G
5741,11763511000001102,G
5742,11763511000001102,R
5743,11763511000001102,G
5745,11763511000001102,G
5746,11763511000001102,G
5747,11763511000001102,G
5748,11763511000001102,R
5749,11763511000001102,A
5750,11763511000001102,A
5751,11763511000001102,A
5752,11763511000001102,R
5753,11763511000001102,G
5754,11763511000001102,G
5755,11763511000001102,R
5757,11763511000001102,G
5759,11763511000001102,R
5761,11763511000001102,R
5762,11763511000001102,R
5763,11763511000001102,G
5764,11763511000001102,R
5765,11763511000001102,R
5768,11763511000001102,G
5769,11763511000001102,A
5770,11763511000001102,G
5771,11763511000001102,G
5772,11763511000001102,G
5773,11763511000001102,A
5774,11763511000001102,R
5775,11763511000001102,R
5776,11763511000001102,G
5777,11763511000001102,G
5778,11763511000001102,G
5779,11763511000001102,G
5780,11763511000001102,A
5782,11763511000001102,R
5783,11763511000001102,R
5784,11763511000001102,G
5785,11763511000001102,R
5787,11763511000001102,G
5788,11763511000001102,G
5790,11763511000001102,G
5791,11763511000001102,R
5792,11763511000001102,G
5793,11763511000001102,G
5794,11763511000001102,G
5795,11763511000001102,R
5796,11763511000001102,G
5798,11763511000001102,G
5799,11763511000001102,G
5801,11763511000001102,G
5804,11763511000001102,G
5805,11763511000001102,G
5806,11763511000001102,G
5807,11763511000001102,R
5808,11763511000001102,G
5809,11763511000001102,G
5810,11763511000001102,R
5811,11763511000001102,G
5812,11763511000001102,R
5813,11763511000001102,G
5814,11763511000001102,G
5815,11763511000001102,G
5816,11763511000001102,G
5817,11763511000001102,G
5818,11763511000001102,G
5820,11763511000001102,G
5821,11763511000001102,A
5822,11763511000001102,R
5823,11763511000001102,G
5824,11763511000001102,G
5826,11763511000001102,R
5829,11763511000001102,A
5830,11763511000001102,A
5831,11763511000001102,G
5832,11763511000001102,R
5833,11763511000001102,G
5835,11763511000001102,G
5836,11763511000001102,A
5839,11763511000001102,A
5841,11763511000001102,G
5842,11763511000001102,G
5843,11763511000001102,G
5844,11763511000001102,G
5845,11763511000001102,G
5846,11763511000001102,G
5847,11763511000001102,R
5849,11763511000001102,R
5850,11763511000001102,G
5851,11763511000001102,G
5852,11763511000001102,G
5853,11763511000001102,G
5854,11763511000001102,R
5855,11763511000001102,G
5856,11763511000001102,G
5861,11763511000001102,G
5862,11763511000001102,G
5863,11763511000001102,R
5865,11763511000001102,R
5866,11763511000001102,G
5867,11763511000001102,G
5868,11763511000001102,G
5870,11763511000001102,G
5873,11763511000001102,G
5875,11763511000001102,G
5876,11763511000001102,G
5877,11763511000001102,G
5879,11763511000001102,G
5880,11763511000001102,G
5882,11763511000001102,A
5884,11763511000001102,G
5885,11763511000001102,G
5886,11763511000001102,R
5888,11763511000001102,R
5889,11763511000001102,G
5890,11763511000001102,G
5891,11763511000001102,R
5892,11763511000001102,A
5893,11763511000001102,G
5894,11763511000001102,G
5895,11763511000001102,G
5896,11763511000001102,G
5898,11763511000001102,R
5899,11763511000001102,G
5900,11763511000001102,G
5901,11763511000001102,R
5902,11763511000001102,R
5903,11763511000001102,G
5904,11763511000001102,G
5906,11763511000001102,G
5909,11763511000001102,G
5910,11763511000001102,R
5911,11763511000001102,R
5912,11763511000001102,G
5913,11763511000001102,G
5914,11763511000001102,G
5915,11763511000001102,R
5916,11763511000001102,G
5917,11763511000001102,G
5918,11763511000001102,G
5919,11763511000001102,R
5921,11763511000001102,G
5923,11763511000001102,G
5924,11763511000001102,G
5925,11763511000001102,G
5926,11763511000001102,G
5927,11763511000001102,G
5928,11763511000001102,G
5929,11763511000001102,R
5930,11763511000001102,R
5931,11763511000001102,R
5932,11763511000001102,R
5933,11763511000001102,R
5934,11763511000001102,G
5935,11763511000001102,R
5936,11763511000001102,G
5937,11763511000001102,G
5939,11763511000001102,R
5940,11763511000001102,G
5941,11763511000001102,R
5942,11763511000001102,G
5943,11763511000001102,G
5945,11763511000001102,G
5947,11763511000001102,G
5948,11763511000001102,G
5949,11763511000001102,A
5951,11763511000001102,G
5952,11763511000001102,G
5953,11763511000001102,G
5954,11763511000001102,G
5955,11763511000001102,R
5956,11763511000001102,R
5957,11763511000001102,G
5959,11763511000001102,G
5960,11763511000001102,G
5961,11763511000001102,G
5962,11763511000001102,G
5963,11763511000001102,R
5966,11763511000001102,R
5967,11763511000001102,A
5968,11763511000001102,G
5969,11763511000001102,G
5970,11763511000001102,G
5971,11763511000001102,R
5972,11763511000001102,R
5973,11763511000001102,G
5974,11763511000001102,G
5975,11763511000001102,G
5976,11763511000001102,R
5977,11763511000001102,G
5978,11763511000001102,A
5979,11763511000001102,G
5980,11763511000001102,R
5981,11763511000001102,G
5982,11763511000001102,R
5983,11763511000001102,G
5984,11763511000001102,G
5985,11763511000001102,G
5986,11763511000001102,G
5987,11763511000001102,A
5988,11763511000001102,G
5989,11763511000001102,G
5991,11763511000001102,G
5994,11763511000001102,G
6002,11763511000001102,A
6003,11763511000001102,G
6005,11763511000001102,R
6006,11763511000001102,G
6007,11763511000001102,G
6008,11763511000001102,R
6009,11763511000001102,G
6010,11763511000001102,G
6011,11763511000001102,G
6012,11763511000001102,R
6014,11763511000001102,G
6015,11763511000001102,G
6016,11763511000001102,G
6017,11763511000001102,G
6018,11763511000001102,G
6019,11763511000001102,G
6020,11763511000001102,A
6022,11763511000001102,G
6023,11763511000001102,G
6024,11763511000001102,A
6025,11763511000001102,R
6028,11763511000001102,G
6029,11763511000001102,R
6030,11763511000001102,G
6032,11763511000001102,G
6034,11763511000001102,A
6039,11763511000001102,G
6041,11763511000001102,G
6043,11763511000001102,R
6046,11763511000001102,G
6047,11763511000001102,G
6050,11763511000001102,A
6051,11763511000001102,G
6052,11763511000001102,A
6053,11763511000001102,R
6054,11763511000001102,G
6055,11763511000001102,G
6057,11763511000001102,G
6060,11763511000001102,R
6061,11763511000001102,R
6062,11763511000001102,G
6063,11763511000001102,A
6065,11763511000001102,G
6066,11763511000001102,G
6069,11763511000001102,R
6070,11763511000001102,G
6071,11763511000001102,G
6072,11763511000001102,G
6073,11763511000001102,G
6077,11763511000001102,A
6078,11763511000001102,A
6079,11763511000001102,A
6082,11763511000001102,G
6086,11763511000001102,G
6089,11763511000001102,R
6090,11763511000001102,G
6091,11763511000001102,G
6094,11763511000001102,G
6102,11763511000001102,R
6103,11763511000001102,G
6104,11763511000001102,G
6107,11763511000001102,R
6110,11763511000001102,G
6111,11763511000001102,G
6113,11763511000001102,G
6114,11763511000001102,G
6115,11763511000001102,R
6116,11763511000001102,G
6117,11763511000001102,G
6118,11763511000001102,R
6119,11763511000001102,R
6120,11763511000001102,G
6121,11763511000001102,G
6122,11763511000001102,G
6123,11763511000001102,G
6124,11763511000001102,G
6125,11763511000001102,G
6126,11763511000001102,A
6127,11763511000001102,G
6128,11763511000001102,A
6130,11763511000001102,G
6131,11763511000001102,G
6132,11763511000001102,R
6133,11763511000001102,R
6161,11763511000001102,A
6200,11763511000001102,A
6219,11763511000001102,G
6220,11763511000001102,R
6221,11763511000001102,G
6223,11763511000001102,G
6224,11763511000001102,R
6225,11763511000001102,R
6226,11763511000001102,R
6227,11763511000001102,A
6228,11763511000001102,G
6229,11763511000001102,G
6230,11763511000001102,G
6232,11763511000001102,G
6234,11763511000001102,R
6235,11763511000001102,G
6236,11763511000001102,G
6237,11763511000001102,R
6238,11763511000001102,R
6239,11763511000001102,G
6240,11763511000001102,R
6241,11763511000001102,G
6242,11763511000001102,G
6243,11763511000001102,G
6244,11763511000001102,R
6245,11763511000001102,R
6246,11763511000001102,R
6248,11763511000001102,G
6249,11763511000001102,G
6253,11763511000001102,G
6254,11763511000001102,A
6255,11763511000001102,R
6256,11763511000001102,G
6257,11763511000001102,G
6258,11763511000001102,G
6260,11763511000001102,G
6301,11763511000001102,R
6302,11763511000001102,G
6303,11763511000001102,R
6304,11763511000001102,R
6305,11763511000001102,R
6306,11763511000001102,G
6307,11763511000001102,G
6308,11763511000001102,G
6309,11763511000001102,R
6310,11763511000001102,G
6311,11763511000001102,G
6313,11763511000001102,A
6324,11763511000001102,R
6385,11763511000001102,G
6386,11763511000001102,G
6387,11763511000001102,R
6388,11763511000001102,G
6390,11763511000001102,G
6401,11763511000001102,G
6402,11763511000001102,G
6403,11763511000001102,G
6404,11763511000001102,G
6405,11763511000001102,G
6406,11763511000001102,G
6407,11763511000001102,G
6408,11763511000001102,G
6410,11763511000001102,R
6411,11763511000001102,G
6412,11763511000001102,R
6413,11763511000001102,G
6414,11763511000001102,G
6415,11763511000001102,G
6416,11763511000001102,G
6417,11763511000001102,G
6419,11763511000001102,A
6420,11763511000001102,G
6421,11763511000001102,A
6422,11763511000001102,G
6423,11763511000001102,G
6424,11763511000001102,A
6425,11763511000001102,G
6426,11763511000001102,A
6428,11763511000001102,G
6429,11763511000001102,G
6431,11763511000001102,A
6432,11763511000001102,G
6434,11763511000001102,R
6435,11763511000001102,G
6436,11763511000001102,G
6437,11763511000001102,G
6438,11763511000001102,G
6439,11763511000001102,G
6441,11763511000001102,G
6442,11763511000001102,A
6443,11763511000001102,A
6444,11763511000001102,A
6445,11763511000001102,G
6446,11763511000001102,G
6447,11763511000001102,G
6448,11763511000001102,A
6449,11763511000001102,G
6450,11763511000001102,G
6453,11763511000001102,G
6454,11763511000001102,G
6455,11763511000001102,G
6458,11763511000001102,G
6459,11763511000001102,A
6461,11763511000001102,G
6462,11763511000001102,G
6463,11763511000001102,A
6464,11763511000001102,G
6465,11763511000001102,G
6467,11763511000001102,G
6473,11763511000001102,G
6474,11763511000001102,G
6475,11763511000001102,G
6476,11763511000001102,G
6477,11763511000001102,G
6478,11763511000001102,G
6480,11763511000001102,G
6481,11763511000001102,A
6482,11763511000001102,R
6483,11763511000001102,G
6484,11763511000001102,G
6485,11763511000001102,G
6487,11763511000001102,G
6488,11763511000001102,G
6490,11763511000001102,G
6492,11763511000001102,A
6494,11763511000001102,G
6497,11763511000001102,G
6498,11763511000001102,G
6499,11763511000001102,G
6500,11763511000001102,A
6502,11763511000001102,G
6504,11763511000001102,G
6505,11763511000001102,A
6507,11763511000001102,G
6509,11763511000001102,G
6510,11763511000001102,G
6511,11763511000001102,R
6512,11763511000001102,G
6515,11763511000001102,G
6518,11763511000001102,G
6520,11763511000001102,R
6521,11763511000001102,R
6523,11763511000001102,G
6524,11763511000001102,G
6525,11763511000001102,G
6526,11763511000001102,G
6527,11763511000001102,G
6528,11763511000001102,R
6529,11763511000001102,R
6530,11763511000001102,G
6532,11763511000001102,R
6533,11763511000001102,G
6534,11763511000001102,A
6535,11763511000001102,G
6536,11763511000001102,R
6537,11763511000001102,G
6538,11763511000001102,G
6539,11763511000001102,R
6540,11763511000001102,A
6542,11763511000001102,G
6544,11763511000001102,A
6546,11763511000001102,G
6547,11763511000001102,R
6549,11763511000001102,G
6550,11763511000001102,R
6551,11763511000001102,G
6552,11763511000001102,G
6553,11763511000001102,G
6554,11763511000001102,G
6555,11763511000001102,G
6558,11763511000001102,R
6559,11763511000001102,A
6561,11763511000001102,G
6562,11763511000001102,R
6564,11763511000001102,G
6565,11763511000001102,G
6566,11763511000001102,G
6567,11763511000001102,G
6568,11763511000001102,G
6571,11763511000001102,G
6572,11763511000001102,R
6573,11763511000001102,G
6574,11763511000001102,G
6575,11763511000001102,G
6576,11763511000001102,R
6577,11763511000001102,G
6578,11763511000001102,A
6579,11763511000001102,G
6580,11763511000001102,A
6582,11763511000001102,G
6583,11763511000001102,G
6584,11763511000001102,G
6585,11763511000001102,G
6586,11763511000001102,A
6587,11763511000001102,G
6588,11763511000001102,G
6590,11763511000001102,A
6593,11763511000001102,G
6594,11763511000001102,G
6595,11763511000001102,G
6596,11763511000001102,A
6597,11763511000001102,G
6598,11763511000001102,G
6599,11763511000001102,R
6607,11763511000001102,G
6608,11763511000001102,R
6610,11763511000001102,G
6611,11763511000001102,A
6612,11763511000001102,G
6613,11763511000001102,G
6615,11763511000001102,G
6616,11763511000001102,R
6617,11763511000001102,R
6618,11763511000001102,G
6619,11763511000001102,G
