datetime,productId,A,G,R
2024-02-16 11:20:00.758327,11763511000001102,9.16187345932621,66.68036154478226,24.157764995891537
2024-02-17 05:41:21.716821,11763511000001102,9.860312243221037,61.91454396055875,28.225143796220216
2024-02-17 05:41:21.716821,36124211000001103,0.0,41.24897288414133,58.75102711585867
2024-02-17 05:41:21.716821,39733011000001106,40.83812654067378,7.14872637633525,52.01314708299096
2024-02-17 05:41:21.716821,42013311000001109,0.0,10.723089564502876,89.27691043549713
2024-02-17 05:41:21.716821,42013411000001102,0.0,2.423993426458505,97.57600657354148
2024-02-17 05:41:21.716821,42109411000001106,20.82990961380444,34.593262119967136,44.57682826622843
2024-02-17 05:41:21.716821,42381411000001102,41.74198849630238,14.133114215283484,44.12489728841413
2024-02-18 12:25:47.439364,11763511000001102,9.613804437140509,64.33853738701725,26.04765817584224
2024-02-18 12:25:47.439364,36124211000001103,0.0,41.04354971240756,58.956450287592446
2024-02-18 12:25:47.439364,39733011000001106,56.77896466721446,8.0936729663106,35.12736236647494
2024-02-18 12:25:47.439364,42013311000001109,0.0,11.62695152013147,88.37304847986853
2024-02-18 12:25:47.439364,42013411000001102,0.0,2.4650780608052587,97.53492193919476
2024-02-18 12:25:47.439364,42109411000001106,20.87099424815119,36.072308956450286,43.05669679539852
2024-02-18 12:25:47.439364,42381411000001102,49.671322925225965,17.41988496302383,32.90879211175021
2024-02-19 10:04:16.853633,11763511000001102,9.202958093672969,64.54396055875102,26.253081347576007
2024-02-19 10:04:16.853633,36124211000001103,0.0,41.04354971240756,58.956450287592446
2024-02-19 10:04:16.853633,39733011000001106,56.203779786359895,8.052588331963847,35.74363188167625
2024-02-19 10:04:16.853633,42013311000001109,0.0,11.4215283483977,88.5784716516023
2024-02-19 10:04:16.853633,42013411000001102,0.0,2.423993426458505,97.57600657354148
2024-02-19 10:04:16.853633,42109411000001106,20.58340180772391,36.2366474938373,43.17995069843879
2024-02-19 10:04:16.853633,42381411000001102,49.055053410024655,17.33771569433032,33.60723089564503
2024-02-20 11:49:31.808076,11763511000001102,9.490550534100246,62.407559572719805,28.101889893179948
2024-02-20 11:49:31.808076,36124211000001103,0.0,40.59161873459326,59.40838126540674
2024-02-20 11:49:31.808076,39694811000001102,13.147082990961382,54.7658175842235,32.08709942481512
2024-02-20 11:49:31.808076,39733011000001106,40.13968775677896,7.025472473294987,52.83483976992605
2024-02-20 11:49:31.808076,39735911000001106,1.561216105176664,45.39852095316352,53.04026294165982
2024-02-20 11:49:31.808076,42013311000001109,0.0,12.366474938373049,87.63352506162695
2024-02-20 11:49:31.808076,42013411000001102,0.0,2.341824157764996,97.658175842235
2024-02-20 11:49:31.808076,42109411000001106,20.049301561216105,35.209531635168446,44.74116680361544
2024-02-20 11:49:31.808076,42381411000001102,42.15283483976992,14.215283483976991,43.63188167625308
2024-02-21 13:16:26.764363,11763511000001102,9.285127362366474,61.62695152013147,29.08792111750205
2024-02-21 13:16:26.764363,36124211000001103,0.0,39.81101068200493,60.188989317995066
2024-02-21 13:16:26.764363,39694811000001102,12.941659819227608,54.84798685291701,32.21035332785539
2024-02-21 13:16:26.764363,39733011000001106,39.60558751027116,6.86113393590797,53.53327855382087
2024-02-21 13:16:26.764363,39735911000001106,1.5201314708299096,44.412489728841415,54.06737880032868
2024-02-21 13:16:26.764363,42013311000001109,0.0,14.050944946589974,85.94905505341004
2024-02-21 13:16:26.764363,42013411000001102,0.0,2.259654889071487,97.74034511092852
2024-02-21 13:16:26.764363,42109411000001106,20.37797863599014,35.00410846343468,44.61791290057519
2024-02-21 13:16:26.764363,42381411000001102,40.879211175020544,13.599013968775678,45.52177485620378
2024-02-22 11:50:02.986651,11763511000001102,9.449465899753491,62.28430566967954,28.26622843056697
2024-02-22 11:50:02.986651,36124211000001103,0.0,39.27691043549713,60.72308956450287
2024-02-22 11:50:02.986651,39694811000001102,12.941659819227608,53.779786359901394,33.278553820871
2024-02-22 11:50:02.986651,39733011000001106,41.3722267871816,6.86113393590797,51.76663927691043
2024-02-22 11:50:02.986651,39735911000001106,1.4790468364831553,43.91947411668036,54.60147904683649
2024-02-22 11:50:02.986651,42013311000001109,0.0,14.09202958093673,85.90797041906328
2024-02-22 11:50:02.986651,42013411000001102,0.0,2.3007395234182417,97.69926047658176
2024-02-22 11:50:02.986651,42109411000001106,20.460147904683648,35.16844700082169,44.37140509449466
2024-02-22 11:50:02.986651,42381411000001102,44.24815119145439,13.599013968775678,42.15283483976992
2024-02-23 11:51:32.029016,11763511000001102,9.32621199671323,62.03779786359901,28.63599013968776
2024-02-23 11:51:32.029016,36124211000001103,0.0,38.660640920295805,61.3393590797042
2024-02-23 11:51:32.029016,39694811000001102,12.489728841413312,53.08134757600658,34.42892358258012
2024-02-23 11:51:32.029016,39733011000001106,42.686935086277735,7.189811010682005,50.123253903040265
2024-02-23 11:51:32.029016,39735911000001106,1.3557929334428924,43.3442892358258,55.2999178307313
2024-02-23 11:51:32.029016,42013311000001109,0.0,13.311421528348395,86.6885784716516
2024-02-23 11:51:32.029016,42013411000001102,0.0,2.1774856203779787,97.82251437962202
2024-02-23 11:51:32.029016,42109411000001106,21.15858668857847,34.716516023007394,44.12489728841413
2024-02-23 11:51:32.029016,42381411000001102,42.97452752670502,13.763352506162695,43.26211996713229
2024-02-24 11:52:25.043320,11763511000001102,9.942481511914544,61.873459326212,28.18405916187346
2024-02-24 11:52:25.043320,36124211000001103,0.0,37.92111750205423,62.07888249794576
2024-02-24 11:52:25.043320,39694811000001102,12.078882497945768,53.16351684470008,34.757600657354146
2024-02-24 11:52:25.043320,39733011000001106,44.12489728841413,7.066557107641742,48.808545603944125
2024-02-24 11:52:25.043320,39735911000001106,1.2736236647493837,42.52259654889072,56.203779786359895
2024-02-24 11:52:25.043320,42013311000001109,0.0,12.202136400986031,87.79786359901397
2024-02-24 11:52:25.043320,42013411000001102,0.0,4.7658175842235,95.2341824157765
2024-02-24 11:52:25.043320,42109411000001106,20.82990961380444,34.42892358258012,44.74116680361544
2024-02-24 11:52:25.043320,42381411000001102,42.89235825801151,13.968775677896469,43.13886606409203
2024-02-25 14:30:56.034940,11763511000001102,10.147904683648315,63.3114215283484,26.54067378800329
2024-02-25 14:30:56.034940,36124211000001103,0.0,37.92111750205423,62.07888249794576
2024-02-25 14:30:56.034940,39694811000001102,12.078882497945768,51.76663927691043,36.15447822514379
2024-02-25 14:30:56.034940,39733011000001106,56.73788003286771,7.970419063270337,35.29170090386196
2024-02-25 14:30:56.034940,39735911000001106,1.2736236647493837,41.74198849630238,56.98438783894824
2024-02-25 14:30:56.034940,42013311000001109,0.0,12.037797863599014,87.96220213640099
2024-02-25 14:30:56.034940,42013411000001102,0.0,7.271980279375513,92.72801972062447
2024-02-25 14:30:56.034940,42109411000001106,21.364009860312244,35.16844700082169,43.46754313886606
2024-02-25 14:30:56.034940,42381411000001102,48.76746096959737,15.981922760887429,35.2506162695152
2024-02-26 11:51:01.460281,11763511000001102,10.312243221035333,63.02382908792112,26.663927691043547
2024-02-26 11:51:01.460281,36124211000001103,0.0,37.92111750205423,62.07888249794576
2024-02-26 11:51:01.460281,39694811000001102,11.750205423171732,52.506162695152014,35.74363188167625
2024-02-26 11:51:01.460281,39733011000001106,55.99835661462613,8.0936729663106,35.90797041906327
2024-02-26 11:51:01.460281,39735911000001106,1.2325390304026294,41.70090386195563,57.06655710764175
2024-02-26 11:51:01.460281,42013311000001109,0.0,12.037797863599014,87.96220213640099
2024-02-26 11:51:01.460281,42013411000001102,0.0,7.313064913722268,92.68693508627771
2024-02-26 11:51:01.460281,42109411000001106,21.28184059161873,35.2506162695152,43.46754313886606
2024-02-26 11:51:01.460281,42381411000001102,48.47986852917009,15.981922760887429,35.53820870994248
2024-02-27 11:52:34.843560,11763511000001102,9.654889071487265,60.80525883319638,29.53985209531635
2024-02-27 11:52:34.843560,36124211000001103,0.0,37.26376335250616,62.73623664749384
2024-02-27 11:52:34.843560,39694811000001102,12.325390304026294,50.575184880854565,37.09942481511915
2024-02-27 11:52:34.843560,39733011000001106,40.75595727198028,6.86113393590797,52.38290879211175
2024-02-27 11:52:34.843560,39735911000001106,1.2325390304026294,41.00246507806081,57.76499589153656
2024-02-27 11:52:34.843560,42013311000001109,0.0,11.503697617091207,88.49630238290878
2024-02-27 11:52:34.843560,42013411000001102,0.0,9.819227608874282,90.18077239112571
2024-02-27 11:52:34.843560,42109411000001106,20.29580936729663,34.96302382908792,44.74116680361544
2024-02-27 11:52:34.843560,42381411000001102,41.98849630238291,13.886606409202958,44.12489728841413
2024-02-28 11:52:54.008043,11763511000001102,10.353327855382089,60.599835661462606,29.046836483155296
2024-02-28 11:52:54.008043,36124211000001103,0.0,37.05834018077239,62.94165981922761
2024-02-28 11:52:54.008043,39694811000001102,11.70912078882498,49.79457682826623,38.4963023829088
2024-02-28 11:52:54.008043,39733011000001106,38.290879211175024,6.86113393590797,54.84798685291701
2024-02-28 11:52:54.008043,39735911000001106,1.0682004930156122,40.34511092851273,58.586688578471644
2024-02-28 11:52:54.008043,42013311000001109,0.0,10.84634346754314,89.15365653245686
2024-02-28 11:52:54.008043,42013411000001102,0.0,11.298274445357436,88.70172555464256
2024-02-28 11:52:54.008043,42109411000001106,20.29580936729663,34.305669679539854,45.39852095316352
2024-02-28 11:52:54.008043,42381411000001102,39.07148726376335,12.777321281840592,48.151191454396056
2024-02-29 11:51:12.517949,11763511000001102,9.654889071487265,61.66803615447822,28.677074774034512
2024-02-29 11:51:12.517949,36124211000001103,0.0,36.72966310599836,63.270336894001645
2024-02-29 11:51:12.517949,39694811000001102,11.99671322925226,49.013968775677895,38.98931799506985
2024-02-29 11:51:12.517949,39733011000001106,40.920295809367296,6.9843878389482335,52.09531635168448
2024-02-29 11:51:12.517949,39735911000001106,1.0682004930156122,39.52341824157765,59.40838126540674
2024-02-29 11:51:12.517949,42013311000001109,0.0,10.435497124075596,89.5645028759244
2024-02-29 11:51:12.517949,42013411000001102,0.0,11.750205423171732,88.24979457682826
2024-02-29 11:51:12.517949,42109411000001106,20.25472473294988,34.22350041084634,45.52177485620378
2024-02-29 11:51:12.517949,42381411000001102,41.70090386195563,13.640098603122434,44.65899753492194
2024-03-01 12:00:20.895167,11763511000001102,9.942481511914544,60.47658175842236,29.580936729663105
2024-03-01 12:00:20.895167,36124211000001103,0.0,36.48315529991783,63.51684470008217
2024-03-01 12:00:20.895167,39694811000001102,11.70912078882498,48.06902218570255,40.22185702547248
2024-03-01 12:00:20.895167,39733011000001106,42.686935086277735,7.271980279375513,50.04108463434675
2024-03-01 12:00:20.895167,39735911000001106,1.0682004930156122,38.74281018898932,60.188989317995066
2024-03-01 12:00:20.895167,42013311000001109,0.0,10.18898931799507,89.81101068200493
2024-03-01 12:00:20.895167,42013411000001102,0.0,13.064913722267873,86.93508627773213
2024-03-01 12:00:20.895167,42109411000001106,20.87099424815119,34.264585045193094,44.864420706655714
2024-03-01 12:00:20.895167,42381411000001102,41.24897288414133,13.43467543138866,45.31635168447001
2024-03-02 11:54:56.000316,11763511000001102,9.654889071487265,61.4215283483977,28.92358258011504
2024-03-02 11:54:56.000316,36124211000001103,0.0,35.57929334428923,64.42070665571077
2024-03-02 11:54:56.000316,39694811000001102,11.62695152013147,46.46672144617913,41.9063270336894
2024-03-02 11:54:56.000316,39733011000001106,44.04272801972062,7.313064913722268,48.64420706655711
2024-03-02 11:54:56.000316,39735911000001106,0.9860312243221034,37.96220213640098,61.051766639276906
2024-03-02 11:54:56.000316,42013311000001109,0.0,12.366474938373049,87.63352506162695
2024-03-02 11:54:56.000316,42013411000001102,0.0,13.92769104354971,86.07230895645029
2024-03-02 11:54:56.000316,42109411000001106,20.624486442070666,34.305669679539854,45.06984387838949
2024-03-02 11:54:56.000316,42381411000001102,41.33114215283484,14.338537387017256,44.3303204601479
2024-03-03 11:56:41.775687,11763511000001102,10.065735414954808,63.270336894001645,26.663927691043547
2024-03-03 11:56:41.775687,36124211000001103,0.0,35.62037797863599,64.37962202136401
2024-03-03 11:56:41.775687,39694811000001102,11.33935907970419,46.179129005751854,42.481511914543965
2024-03-03 11:56:41.775687,39733011000001106,57.51848808545604,7.641741988496302,34.83976992604766
2024-03-03 11:56:41.775687,39735911000001106,0.8627773212818405,37.55135579293344,61.58586688578471
2024-03-03 11:56:41.775687,42013311000001109,0.0,13.968775677896469,86.03122432210353
2024-03-03 11:56:41.775687,42013411000001102,0.0,14.09202958093673,85.90797041906328
2024-03-03 11:56:41.775687,42109411000001106,21.11750205423172,34.88085456039441,44.00164338537387
2024-03-03 11:56:41.775687,42381411000001102,50.24650780608052,17.132292522596547,32.62119967132293
2024-03-04 11:54:23.687644,11763511000001102,9.860312243221037,63.39359079704191,26.74609695973706
2024-03-04 11:54:23.687644,36124211000001103,0.0,35.661462612982746,64.33853738701725
2024-03-04 11:54:23.687644,39694811000001102,11.133935907970418,46.589975349219394,42.27608874281019
2024-03-04 11:54:23.687644,39733011000001106,56.69679539852095,7.6828266228430575,35.62037797863599
2024-03-04 11:54:23.687644,39735911000001106,0.8627773212818405,37.22267871815941,61.91454396055875
2024-03-04 11:54:23.687644,42013311000001109,0.0,13.92769104354971,86.07230895645029
2024-03-04 11:54:23.687644,42013411000001102,0.0,14.09202958093673,85.90797041906328
2024-03-04 11:54:23.687644,42109411000001106,20.82990961380444,35.08627773212819,44.08381265406738
2024-03-04 11:54:23.687644,42381411000001102,49.671322925225965,17.378800328677073,32.94987674609696
2024-03-05 11:48:47.096591,11763511000001102,9.778142974527526,60.76417419884963,29.457682826622843
2024-03-05 11:48:47.096591,36124211000001103,0.0,34.88085456039441,65.11914543960559
2024-03-05 11:48:47.096591,39694811000001102,10.682004930156122,45.80936729663106,43.508627773212815
2024-03-05 11:48:47.096591,39733011000001106,40.13968775677896,7.066557107641742,52.79375513557929
2024-03-05 11:48:47.096591,39735911000001106,0.8627773212818405,36.2366474938373,62.90057518488086
2024-03-05 11:48:47.096591,42013311000001109,0.0,13.92769104354971,86.07230895645029
2024-03-05 11:48:47.096591,42013411000001102,0.0,13.886606409202958,86.11339359079705
2024-03-05 11:48:47.096591,42109411000001106,20.460147904683648,34.593262119967136,44.94658997534922
2024-03-05 11:48:47.096591,42381411000001102,40.96138044371405,13.72226787181594,45.31635168447001
2024-03-06 11:57:39.455549,11763511000001102,10.39441248972884,60.14790468364831,29.457682826622843
2024-03-06 11:57:39.455549,36124211000001103,0.0,35.53820870994248,64.46179129005752
2024-03-06 11:57:39.455549,39694811000001102,10.065735414954808,44.45357436318817,45.480690221857024
2024-03-06 11:57:39.455549,39733011000001106,35.2506162695152,6.696795398520954,58.05258833196385
2024-03-06 11:57:39.455549,39735911000001106,1.725554642563681,47.74034511092851,50.534100246507805
2024-03-06 11:57:39.455549,42013311000001109,0.0,13.886606409202958,86.11339359079705
2024-03-06 11:57:39.455549,42013411000001102,0.0,14.831552999178308,85.16844700082169
2024-03-06 11:57:39.455549,42109411000001106,19.67953985209532,34.387838948233366,45.93262119967133
2024-03-06 11:57:39.455549,42381411000001102,37.838948233360725,12.530813475760066,49.63023829087921
2024-03-07 11:46:47.775316,11763511000001102,9.983566146261298,61.4215283483977,28.594905505341
2024-03-07 11:46:47.775316,36124211000001103,0.0,35.57929334428923,64.42070665571077
2024-03-07 11:46:47.775316,39694811000001102,9.531635168447,43.7962202136401,46.672144617912906
2024-03-07 11:46:47.775316,39733011000001106,40.09860312243221,7.025472473294987,52.8759244042728
2024-03-07 11:46:47.775316,39735911000001106,1.9309778142974527,52.25965488907149,45.80936729663106
2024-03-07 11:46:47.775316,42013311000001109,0.0,14.708299096138044,85.29170090386195
2024-03-07 11:46:47.775316,42013411000001102,0.0,15.653245686113394,84.3467543138866
2024-03-07 11:46:47.775316,42109411000001106,20.09038619556286,35.12736236647494,44.7822514379622
2024-03-07 11:46:47.775316,42381411000001102,40.30402629416599,13.475760065735416,46.2202136400986
2024-03-08 12:00:17.120842,11763511000001102,10.599835661462611,60.27115858668858,29.12900575184881
2024-03-08 12:00:17.120842,36124211000001103,0.0,35.33278553820871,64.66721446179129
2024-03-08 12:00:17.120842,39694811000001102,9.24404272801972,43.05669679539852,47.69926047658176
2024-03-08 12:00:17.120842,39733011000001106,39.4823336072309,7.313064913722268,53.20460147904683
2024-03-08 12:00:17.120842,39735911000001106,2.09531635168447,54.97124075595728,42.93344289235826
2024-03-08 12:00:17.120842,42013311000001109,0.0,14.7493837304848,85.2506162695152
2024-03-08 12:00:17.120842,42013411000001102,0.0,16.269515201314707,83.7304847986853
2024-03-08 12:00:17.120842,42109411000001106,20.25472473294988,35.00410846343468,44.74116680361544
2024-03-08 12:00:17.120842,42381411000001102,41.65981922760887,14.050944946589974,44.28923582580115
2024-03-09 11:54:08.710219,11763511000001102,10.10682004930156,61.46261298274446,28.430566967953983
2024-03-09 11:54:08.710219,36124211000001103,0.0,35.12736236647494,64.87263763352506
2024-03-09 11:54:08.710219,39694811000001102,8.997534921939195,42.27608874281019,48.72637633525061
2024-03-09 11:54:08.710219,39733011000001106,42.27608874281019,7.14872637633525,50.575184880854565
2024-03-09 11:54:08.710219,39735911000001106,2.1774856203779787,55.13557929334429,42.686935086277735
2024-03-09 11:54:08.710219,42013311000001109,0.0,15.242399342645852,84.75760065735415
2024-03-09 11:54:08.710219,42013411000001102,0.0,16.598192276088746,83.40180772391126
2024-03-09 11:54:08.710219,42109411000001106,20.994248151191456,35.00410846343468,44.00164338537387
2024-03-09 11:54:08.710219,42381411000001102,41.98849630238291,13.886606409202958,44.12489728841413
2024-03-10 11:57:30.445265,11763511000001102,9.860312243221037,63.84552177485621,26.294165981922763
2024-03-10 11:57:30.445265,36124211000001103,0.0,34.67543138866064,65.32456861133936
2024-03-10 11:57:30.445265,39694811000001102,8.545603944124897,41.08463434675432,50.36976170912079
2024-03-10 11:57:30.445265,39733011000001106,58.25801150369762,7.641741988496302,34.100246507806084
2024-03-10 11:57:30.445265,39735911000001106,2.09531635168447,54.60147904683649,43.303204601479045
2024-03-10 11:57:30.445265,42013311000001109,0.0,15.694330320460148,84.30566967953985
2024-03-10 11:57:30.445265,42013411000001102,0.0,17.33771569433032,82.66228430566967
2024-03-10 11:57:30.445265,42109411000001106,21.322925225965488,35.62037797863599,43.05669679539852
2024-03-10 11:57:30.445265,42381411000001102,50.20542317173378,16.803615447822516,32.990961380443714
2024-03-11 11:55:39.339093,11763511000001102,10.599835661462611,63.02382908792112,26.37633525061627
2024-03-11 11:55:39.339093,36124211000001103,0.0,34.67543138866064,65.32456861133936
2024-03-11 11:55:39.339093,39694811000001102,8.833196384552178,41.24897288414133,49.91783073130649
2024-03-11 11:55:39.339093,39733011000001106,57.06655710764175,7.764995891536565,35.16844700082169
2024-03-11 11:55:39.339093,39735911000001106,1.9720624486442069,54.68364831552999,43.3442892358258
2024-03-11 11:55:39.339093,42013311000001109,0.0,15.694330320460148,84.30566967953985
2024-03-11 11:55:39.339093,42013411000001102,0.0,17.666392769104355,82.33360723089564
2024-03-11 11:55:39.339093,42109411000001106,21.199671322925223,35.57929334428923,43.22103533278554
2024-03-11 11:55:39.339093,42381411000001102,49.5480690221857,16.967953985209533,33.48397699260477
2024-03-12 11:54:53.894144,11763511000001102,9.90139687756779,60.558751027115854,29.53985209531635
2024-03-12 11:54:53.894144,36124211000001103,0.0,34.83976992604766,65.16023007395233
2024-03-12 11:54:53.894144,39694811000001102,8.627773212818406,40.55053410024651,50.82169268693508
2024-03-12 11:54:53.894144,39733011000001106,40.632703368940014,6.902218570254724,52.46507806080526
2024-03-12 11:54:53.894144,39735911000001106,2.1774856203779787,52.506162695152014,45.31635168447001
2024-03-12 11:54:53.894144,42013311000001109,0.0,15.52999178307313,84.47000821692687
2024-03-12 11:54:53.894144,42013411000001102,0.0,17.953985209531634,82.04601479046836
2024-03-12 11:54:53.894144,42109411000001106,20.049301561216105,34.83976992604766,45.11092851273624
2024-03-12 11:54:53.894144,42381411000001102,40.96138044371405,13.475760065735416,45.56285949055054
2024-03-15 14:04:38.206379,11763511000001102,11.791290057518488,57.189811010682,31.018898931799505
2024-03-15 14:04:38.206379,36124211000001103,0.0,35.08627773212819,64.91372226787182
2024-03-15 14:04:38.206379,39694811000001102,6.820049301561217,37.181594083812655,55.99835661462613
2024-03-15 14:04:38.206379,39733011000001106,41.94741166803615,7.14872637633525,50.90386195562859
2024-03-15 14:04:38.206379,39735911000001106,1.9720624486442069,53.16351684470008,44.864420706655714
2024-03-15 14:04:38.206379,42013311000001109,0.0,17.173377156943303,82.8266228430567
2024-03-15 14:04:38.206379,42013411000001102,0.0,19.59737058340181,80.40262941659819
2024-03-15 14:04:38.206379,42109411000001106,20.912078882497944,34.059161873459324,45.028759244042725
2024-03-15 14:04:38.206379,42381411000001102,42.11175020542317,14.174198849630235,43.71405094494659
2024-03-16 12:06:26.053427,11763511000001102,11.955628594905503,55.79293344289236,32.25143796220213
2024-03-16 12:06:26.053427,36124211000001103,0.0,34.96302382908792,65.03697617091207
2024-03-16 12:06:26.053427,39694811000001102,6.450287592440428,36.6885784716516,56.86113393590797
2024-03-16 12:06:26.053427,39733011000001106,42.645850451930976,7.23089564502876,50.123253903040265
2024-03-16 12:06:26.053427,39735911000001106,2.6705012325390305,56.45028759244043,40.879211175020544
2024-03-16 12:06:26.053427,42013311000001109,0.0,16.926869350862777,83.07313064913723
2024-03-16 12:06:26.053427,42013411000001102,0.0,20.049301561216105,79.9506984387839
2024-03-16 12:06:26.053427,42109411000001106,20.66557107641741,34.100246507806084,45.234182415776495
2024-03-16 12:06:26.053427,42381411000001102,42.686935086277735,14.00986031224322,43.303204601479045
2024-03-17 12:13:44.896096,11763511000001102,12.57189811010682,57.5595727198028,29.868529170090387
2024-03-17 12:13:44.896096,36124211000001103,0.0,35.04519309778143,64.95480690221856
2024-03-17 12:13:44.896096,39694811000001102,5.792933442892358,36.48315529991783,57.72391125718981
2024-03-17 12:13:44.896096,39733011000001106,57.02547247329499,8.0936729663106,34.88085456039441
2024-03-17 12:13:44.896096,39735911000001106,2.6705012325390305,55.71076417419884,41.61873459326212
2024-03-17 12:13:44.896096,42013311000001109,0.0,17.378800328677073,82.62119967132293
2024-03-17 12:13:44.896096,42013411000001102,0.0,21.11750205423172,78.88249794576828
2024-03-17 12:13:44.896096,42109411000001106,21.199671322925223,35.00410846343468,43.7962202136401
2024-03-17 12:13:44.896096,42381411000001102,49.17830731306491,16.926869350862777,33.894823336072314
2024-03-18 11:50:42.733451,11763511000001102,12.366474938373049,57.68282662284305,29.95069843878389
2024-03-18 11:50:42.733451,36124211000001103,0.0,35.04519309778143,64.95480690221856
2024-03-18 11:50:42.733451,39694811000001102,5.546425636811833,36.15447822514379,58.29909613804437
2024-03-18 11:50:42.733451,39733011000001106,56.61462612982745,8.134757600657354,35.2506162695152
2024-03-18 11:50:42.733451,39735911000001106,2.875924404272802,56.49137222678719,40.632703368940014
2024-03-18 11:50:42.733451,42013311000001109,0.0,17.41988496302383,82.58011503697618
2024-03-18 11:50:42.733451,42013411000001102,0.0,21.07641741988496,78.92358258011504
2024-03-18 11:50:42.733451,42109411000001106,21.07641741988496,35.08627773212819,43.83730484798685
2024-03-18 11:50:42.733451,42381411000001102,48.23336072308956,17.378800328677073,34.387838948233366
2024-03-19 11:43:48.692875,11763511000001102,11.62695152013147,55.46425636811833,32.90879211175021
2024-03-19 11:43:48.692875,36124211000001103,0.0,35.04519309778143,64.95480690221856
2024-03-19 11:43:48.692875,39694811000001102,5.382087099424815,34.511092851273624,60.106820049301554
2024-03-19 11:43:48.692875,39733011000001106,40.96138044371405,7.313064913722268,51.72555464256368
2024-03-19 11:43:48.692875,39735911000001106,2.9170090386195566,55.91618734593262,41.16680361544782
2024-03-19 11:43:48.692875,42013311000001109,0.0,17.666392769104355,82.33360723089564
2024-03-19 11:43:48.692875,42013411000001102,0.0,21.07641741988496,78.92358258011504
2024-03-19 11:43:48.692875,42109411000001106,20.66557107641741,34.305669679539854,45.028759244042725
2024-03-19 11:43:48.692875,42381411000001102,40.920295809367296,14.338537387017256,44.74116680361544
2024-03-20 11:48:01.400021,11763511000001102,12.037797863599014,52.8759244042728,35.08627773212819
2024-03-20 11:48:01.400021,36124211000001103,0.0,35.29170090386196,64.70829909613805
2024-03-20 11:48:01.400021,39694811000001102,5.176663927691044,33.3607230895645,61.46261298274446
2024-03-20 11:48:01.400021,39733011000001106,38.45521774856204,7.189811010682005,54.35497124075596
2024-03-20 11:48:01.400021,39735911000001106,2.875924404272802,54.72473294987674,42.39934264585045
2024-03-20 11:48:01.400021,42013311000001109,0.0,17.789646672144617,82.21035332785537
2024-03-20 11:48:01.400021,42013411000001102,0.0,21.73377156943303,78.26622843056697
2024-03-20 11:48:01.400021,42109411000001106,19.9671322925226,33.77156943303204,46.26129827444536
2024-03-20 11:48:01.400021,42381411000001102,39.15365653245686,13.640098603122434,47.206244864420704
2024-03-21 11:57:53.363886,11763511000001102,11.791290057518488,53.73870172555464,34.470008216926864
2024-03-21 11:57:53.363886,36124211000001103,0.0,35.49712407559573,64.50287592440426
2024-03-21 11:57:53.363886,39694811000001102,4.683648315529991,31.963845521774857,63.35250616269516
2024-03-21 11:57:53.363886,39733011000001106,39.40016433853739,7.025472473294987,53.57436318816763
2024-03-21 11:57:53.363886,39735911000001106,2.711585866885785,53.24568611339359,44.04272801972062
2024-03-21 11:57:53.363886,42013311000001109,0.0,17.378800328677073,82.62119967132293
2024-03-21 11:57:53.363886,42013411000001102,0.0,21.61051766639277,78.38948233360723
2024-03-21 11:57:53.363886,42109411000001106,20.994248151191456,34.63434675431389,44.37140509449466
2024-03-21 11:57:53.363886,42381411000001102,40.468364831553,13.804437140509448,45.72719802793755
2024-03-26 13:09:43.721751,11763511000001102,12.57189811010682,50.61626951520132,36.81183237469187
2024-03-26 13:09:43.721751,36124211000001103,0.0,36.113393590797045,63.88660640920296
2024-03-26 13:09:43.721751,39694811000001102,3.3689400164338537,27.60887428101889,69.02218570254725
2024-03-26 13:09:43.721751,39733011000001106,41.29005751848809,6.943303204601479,51.76663927691043
2024-03-26 13:09:43.721751,39735911000001106,2.5472473294987674,46.672144617912906,50.78060805258833
2024-03-26 13:09:43.721751,41896911000001100,2.3007395234182417,33.442892358258014,64.25636811832375
2024-03-26 13:09:43.721751,42013311000001109,0.0,17.99506984387839,82.00493015612162
2024-03-26 13:09:43.721751,42013411000001102,0.0,22.67871815940838,77.32128184059161
2024-03-26 13:09:43.721751,42109411000001106,20.21364009860312,34.18241577649959,45.60394412489729
2024-03-26 13:09:43.721751,42381411000001102,40.920295809367296,13.270336894001645,45.80936729663106
2024-03-27 13:15:01.983613,11763511000001102,12.366474938373049,49.38373048479869,38.249794576828265
2024-03-27 13:15:01.983613,36124211000001103,0.0,39.31799506984388,60.68200493015612
2024-03-27 13:15:01.983613,39694811000001102,3.3278553820871,26.828266228430568,69.84387838948234
2024-03-27 13:15:01.983613,39733011000001106,37.92111750205423,7.025472473294987,55.05341002465079
2024-03-27 13:15:01.983613,39735911000001106,2.341824157764996,45.11092851273624,52.54724732949877
2024-03-27 13:15:01.983613,41896911000001100,2.423993426458505,31.88167625308135,65.69433032046015
2024-03-27 13:15:01.983613,42013311000001109,0.0,18.32374691865242,81.67625308134757
2024-03-27 13:15:01.983613,42013411000001102,0.0,22.35004108463435,77.64995891536566
2024-03-27 13:15:01.983613,42109411000001106,20.624486442070666,33.935907970419066,45.43960558751027
2024-03-27 13:15:01.983613,42381411000001102,38.08545603944125,13.352506162695152,48.5620377978636
2024-03-28 13:11:18.732241,11763511000001102,12.161051766639275,49.75349219391948,38.08545603944125
2024-03-28 13:11:18.732241,36124211000001103,0.0,41.4543960558751,58.5456039441249
2024-03-28 13:11:18.732241,39694811000001102,3.04026294165982,25.67789646672145,71.28184059161875
2024-03-28 13:11:18.732241,39733011000001106,38.82497945768283,7.1076417419884965,54.06737880032868
2024-03-28 13:11:18.732241,39735911000001106,2.3007395234182417,43.46754313886606,54.23171733771569
2024-03-28 13:11:18.732241,41896911000001100,1.9309778142974527,32.62119967132293,65.44782251437962
2024-03-28 13:11:18.732241,42013311000001109,0.0,18.94001643385374,81.05998356614627
2024-03-28 13:11:18.732241,42013411000001102,0.0,22.719802793755136,77.28019720624486
2024-03-28 13:11:18.732241,42109411000001106,20.624486442070666,33.19638455217749,46.179129005751854
2024-03-28 13:11:18.732241,42381411000001102,39.0304026294166,13.105998356614624,47.86359901396878
2024-03-29 13:15:38.391045,11763511000001102,13.064913722267873,48.5620377978636,38.37304847986853
2024-03-29 13:15:38.391045,36124211000001103,0.0,42.07066557107642,57.92933442892358
2024-03-29 13:15:38.391045,39694811000001102,3.0813475760065736,24.897288414133115,72.0213640098603
2024-03-29 13:15:38.391045,39733011000001106,40.38619556285949,6.9843878389482335,52.62941659819228
2024-03-29 13:15:38.391045,39735911000001106,2.09531635168447,41.4543960558751,56.45028759244043
2024-03-29 13:15:38.391045,41896911000001100,2.1774856203779787,33.15529991783073,64.66721446179129
2024-03-29 13:15:38.391045,42013311000001109,0.0,18.77567789646672,81.22432210353327
2024-03-29 13:15:38.391045,42013411000001102,0.0,22.226787181594084,77.77321281840591
2024-03-29 13:15:38.391045,42109411000001106,20.994248151191456,33.60723089564503,45.39852095316352
2024-03-29 13:15:38.391045,42381411000001102,41.24897288414133,13.599013968775678,45.15201314708299
2024-03-31 13:09:34.015645,11763511000001102,13.557929334428923,50.16433853738703,36.277732128184056
2024-03-31 13:09:34.015645,36124211000001103,0.0,41.41331142152835,58.586688578471644
2024-03-31 13:09:34.015645,39694811000001102,2.6705012325390305,24.239934264585045,73.08956450287593
2024-03-31 13:09:34.015645,39733011000001106,51.15036976170912,8.38126540673788,40.468364831553
2024-03-31 13:09:34.015645,39735911000001106,2.1774856203779787,40.55053410024651,57.27198027937551
2024-03-31 13:09:34.015645,41896911000001100,2.38290879211175,33.03204601479047,64.58504519309778
2024-03-31 13:09:34.015645,42013311000001109,0.0,17.99506984387839,82.00493015612162
2024-03-31 13:09:34.015645,42013411000001102,0.0,22.18570254724733,77.81429745275267
2024-03-31 13:09:34.015645,42109411000001106,21.48726376335251,34.14133114215284,44.37140509449466
2024-03-31 13:09:34.015645,42381411000001102,47.78142974527527,16.1873459326212,36.03122432210353
2024-04-01 13:18:43.469486,11763511000001102,13.188167625308134,50.41084634346754,36.40098603122432
2024-04-01 13:18:43.469486,36124211000001103,0.0,41.3722267871816,58.6277732128184
2024-04-01 13:18:43.469486,39694811000001102,2.6705012325390305,24.075595727198028,73.25390304026294
2024-04-01 13:18:43.469486,39733011000001106,51.02711585866886,8.340180772391125,40.632703368940014
2024-04-01 13:18:43.469486,39735911000001106,2.1364009860312243,40.22185702547248,57.6417419884963
2024-04-01 13:18:43.469486,41896911000001100,2.423993426458505,32.990961380443714,64.58504519309778
2024-04-01 13:18:43.469486,42013311000001109,0.0,17.99506984387839,82.00493015612162
2024-04-01 13:18:43.469486,42013411000001102,0.0,22.14461791290057,77.85538208709943
2024-04-01 13:18:43.469486,42109411000001106,21.405094494659,34.22350041084634,44.37140509449466
2024-04-01 13:18:43.469486,42381411000001102,47.74034511092851,16.105176663927693,36.15447822514379
2024-04-02 13:11:53.014425,11763511000001102,12.941659819227608,49.95891536565325,37.09942481511915
2024-04-02 13:11:53.014425,36124211000001103,0.0,41.16680361544782,58.83319638455218
2024-04-02 13:11:53.014425,39694811000001102,2.629416598192276,23.8290879211175,73.54149548069022
2024-04-02 13:11:53.014425,39733011000001106,50.49301561216105,8.216926869350862,41.29005751848809
2024-04-02 13:11:53.014425,39735911000001106,2.259654889071487,39.60558751027116,58.13475760065735
2024-04-02 13:11:53.014425,41896911000001100,2.3007395234182417,32.94987674609696,64.7493837304848
2024-04-02 13:11:53.014425,42013311000001109,0.0,18.07723911257189,81.9227608874281
2024-04-02 13:11:53.014425,42013411000001102,0.0,22.26787181594084,77.73212818405916
2024-04-02 13:11:53.014425,42109411000001106,21.240755957271983,34.264585045193094,44.49465899753492
2024-04-02 13:11:53.014425,42381411000001102,45.60394412489729,16.064092029580937,38.33196384552178
2024-04-03 13:13:12.913363,11763511000001102,12.777321281840592,48.60312243221036,38.61955628594905
2024-04-03 13:13:12.913363,36124211000001103,0.0,41.33114215283484,58.66885784716516
2024-04-03 13:13:12.913363,39694811000001102,2.423993426458505,23.500410846343467,74.07559572719803
2024-04-03 13:13:12.913363,39733011000001106,43.508627773212815,7.600657354149548,48.89071487263764
2024-04-03 13:13:12.913363,39735911000001106,2.09531635168447,37.67460969597371,60.23007395234183
2024-04-03 13:13:12.913363,41896911000001100,2.259654889071487,32.990961380443714,64.7493837304848
2024-04-03 13:13:12.913363,42013311000001109,0.0,18.447000821692686,81.55299917830732
2024-04-03 13:13:12.913363,42013411000001102,0.0,22.966310599835666,77.03368940016433
2024-04-03 13:13:12.913363,42109411000001106,21.28184059161873,33.52506162695152,45.19309778142975
2024-04-03 13:13:12.913363,42381411000001102,41.49548069022186,13.599013968775678,44.90550534100247
2024-04-04 13:13:13.467806,11763511000001102,12.037797863599014,48.02793755135579,39.93426458504519
2024-04-04 13:13:13.467806,36124211000001103,0.0,40.79704190632704,59.20295809367296
2024-04-04 13:13:13.467806,39694811000001102,2.4650780608052587,22.88414133114216,74.65078060805259
2024-04-04 13:13:13.467806,39733011000001106,38.37304847986853,7.313064913722268,54.3138866064092
2024-04-04 13:13:13.467806,39735911000001106,1.7666392769104355,36.113393590797045,62.11996713229252
2024-04-04 13:13:13.467806,41896911000001100,2.5472473294987674,37.30484798685292,60.14790468364831
2024-04-04 13:13:13.467806,42013311000001109,0.0,18.488085456039443,81.51191454396056
2024-04-04 13:13:13.467806,42013411000001102,0.0,23.089564502875927,76.91043549712407
2024-04-04 13:13:13.467806,42109411000001106,20.87099424815119,33.73048479868529,45.39852095316352
2024-04-04 13:13:13.467806,42381411000001102,38.290879211175024,13.064913722267873,48.64420706655711
2024-04-05 13:14:13.191925,11763511000001102,12.530813475760066,48.23336072308956,39.23582580115037
2024-04-05 13:14:13.191925,36124211000001103,0.0,41.24897288414133,58.75102711585867
2024-04-05 13:14:13.191925,39694811000001102,2.6705012325390305,22.14461791290057,75.1848808545604
2024-04-05 13:14:13.191925,39733011000001106,38.290879211175024,7.436318816762531,54.272801972062446
2024-04-05 13:14:13.191925,39735911000001106,1.9720624486442069,38.37304847986853,59.65488907148726
2024-04-05 13:14:13.191925,41896911000001100,2.5472473294987674,37.92111750205423,59.531635168447
2024-04-05 13:14:13.191925,42013311000001109,0.0,18.898931799506983,81.10106820049302
2024-04-05 13:14:13.191925,42013411000001102,0.0,23.541495480690223,76.45850451930978
2024-04-05 13:14:13.191925,42109411000001106,20.21364009860312,33.40180772391126,46.38455217748562
2024-04-05 13:14:13.191925,42381411000001102,38.41413311421528,13.557929334428923,48.02793755135579
2024-04-07 13:13:12.108465,11763511000001102,13.43467543138866,50.41084634346754,36.15447822514379
2024-04-07 13:13:12.108465,36124211000001103,0.0,42.23500410846344,57.76499589153656
2024-04-07 13:13:12.108465,39694811000001102,4.889071487263763,28.75924404272802,66.35168447000822
2024-04-07 13:13:12.108465,39733011000001106,54.35497124075596,8.463434675431388,37.181594083812655
2024-04-07 13:13:12.108465,39735911000001106,1.561216105176664,37.26376335250616,61.17502054231717
2024-04-07 13:13:12.108465,41896911000001100,2.4650780608052587,37.63352506162695,59.90139687756779
2024-04-07 13:13:12.108465,42013311000001109,0.0,18.488085456039443,81.51191454396056
2024-04-07 13:13:12.108465,42013411000001102,0.0,23.41824157764996,76.58175842235005
2024-04-07 13:13:12.108465,42109411000001106,21.03533278553821,34.059161873459324,44.90550534100247
2024-04-07 13:13:12.108465,42381411000001102,49.38373048479869,16.598192276088746,34.01807723911257
2024-04-09 13:17:21.294947,11763511000001102,12.65406737880033,47.74034511092851,39.60558751027116
2024-04-09 13:17:21.294947,36124211000001103,0.0,41.74198849630238,58.25801150369762
2024-04-09 13:17:21.294947,39694811000001102,5.012325390304026,31.79950698438784,63.18816762530813
2024-04-09 13:17:21.294947,39733011000001106,39.93426458504519,7.559572719802794,52.506162695152014
2024-04-09 13:17:21.294947,39735911000001106,2.9580936729663105,44.82333607230896,52.218570254724725
2024-04-09 13:17:21.294947,41896911000001100,2.1364009860312243,36.03122432210353,61.83237469186524
2024-04-09 13:17:21.294947,42013311000001109,0.0,19.10435497124076,80.89564502875925
2024-04-09 13:17:21.294947,42013411000001102,0.0,24.11668036154478,75.88331963845522
2024-04-09 13:17:21.294947,42109411000001106,20.09038619556286,33.40180772391126,46.50780608052588
2024-04-09 13:17:21.294947,42381411000001102,41.33114215283484,13.105998356614624,45.56285949055054
2024-04-10 13:22:25.500805,11763511000001102,11.99671322925226,46.75431388660641,41.24897288414133
2024-04-10 13:22:25.500805,36124211000001103,0.0,42.39934264585045,57.60065735414954
2024-04-10 13:22:25.500805,39694811000001102,5.669679539852095,32.49794576828266,61.83237469186524
2024-04-10 13:22:25.500805,39733011000001106,37.71569433032046,7.559572719802794,54.72473294987674
2024-04-10 13:22:25.500805,39735911000001106,3.451109285127362,47.5760065735415,48.97288414133114
2024-04-10 13:22:25.500805,41896911000001100,2.629416598192276,35.00410846343468,62.36647493837305
2024-04-10 13:22:25.500805,42013311000001109,0.0,19.227608874281017,80.77239112571898
2024-04-10 13:22:25.500805,42013411000001102,0.0,24.157764995891537,75.84223500410846
2024-04-10 13:22:25.500805,42109411000001106,20.008216926869352,33.3607230895645,46.63105998356615
2024-04-10 13:22:25.500805,42381411000001102,38.98931799506985,13.43467543138866,47.5760065735415
2024-04-11 13:12:37.778081,11763511000001102,11.503697617091207,46.83648315529992,41.65981922760887
2024-04-11 13:12:37.778081,36124211000001103,0.0,42.15283483976992,57.84716516023008
2024-04-11 13:12:37.778081,39694811000001102,7.189811010682005,35.62037797863599,57.189811010682
2024-04-11 13:12:37.778081,39733011000001106,40.714872637633526,7.8882497945768275,51.396877567789645
2024-04-11 13:12:37.778081,39735911000001106,3.61544782251438,47.78142974527527,48.60312243221036
2024-04-11 13:12:37.778081,41896911000001100,3.451109285127362,36.113393590797045,60.4354971240756
2024-04-11 13:12:37.778081,42013311000001109,0.0,18.85784716516023,81.14215283483976
2024-04-11 13:12:37.778081,42013411000001102,0.0,23.99342645850452,76.00657354149548
2024-04-11 13:12:37.778081,42109411000001106,19.84387838948233,33.648315529991784,46.50780608052588
2024-04-11 13:12:37.778081,42381411000001102,40.920295809367296,14.502875924404274,44.57682826622843
2024-04-12 13:15:13.375362,11763511000001102,11.668036154478228,48.151191454396056,40.18077239112572
2024-04-12 13:15:13.375362,36124211000001103,0.0,42.645850451930976,57.354149548069024
2024-04-12 13:15:13.375362,39694811000001102,6.820049301561217,36.15447822514379,57.02547247329499
2024-04-12 13:15:13.375362,39733011000001106,43.54971240755957,7.518488085456039,48.93179950698438
2024-04-12 13:15:13.375362,39735911000001106,3.4100246507806085,47.945768282662286,48.64420706655711
2024-04-12 13:15:13.375362,41896911000001100,3.1635168447000823,36.935086277732125,59.90139687756779
2024-04-12 13:15:13.375362,42013311000001109,0.0,19.022185702547247,80.97781429745275
2024-04-12 13:15:13.375362,42013411000001102,0.0,23.500410846343467,76.49958915365653
2024-04-12 13:15:13.375362,42109411000001106,20.74774034511093,33.56614626129827,45.6861133935908
2024-04-12 13:15:13.375362,42381411000001102,41.41331142152835,13.845521774856204,44.74116680361544
2024-04-14 13:25:02.171914,11763511000001102,12.407559572719803,49.34264585045193,38.249794576828265
2024-04-14 13:25:02.171914,36124211000001103,0.0,42.686935086277735,57.313064913722265
2024-04-14 13:25:02.171914,39694811000001102,6.4092029580936725,36.113393590797045,57.47740345110929
2024-04-14 13:25:02.171914,39733011000001106,59.94248151191455,8.340180772391125,31.71733771569433
2024-04-14 13:25:02.171914,39735911000001106,3.697617091207888,46.95973705834018,49.34264585045193
2024-04-14 13:25:02.171914,41896911000001100,3.61544782251438,40.42728019720624,55.95727198027938
2024-04-14 13:25:02.171914,42013311000001109,0.0,18.693508627773213,81.30649137222679
2024-04-14 13:25:02.171914,42013411000001102,0.0,23.00739523418241,76.99260476581759
2024-04-14 13:25:02.171914,42109411000001106,21.07641741988496,34.387838948233366,44.53574363188167
2024-04-14 13:25:02.171914,42381411000001102,50.32867707477403,17.99506984387839,31.67625308134758
2024-04-15 15:37:32.848767,11763511000001102,11.70912078882498,49.34264585045193,38.94823336072309
2024-04-15 15:37:32.848767,36124211000001103,0.0,42.56368118323747,57.43631881676253
2024-04-15 15:37:32.848767,39694811000001102,6.532456861133936,36.277732128184056,57.189811010682
2024-04-15 15:37:32.848767,39733011000001106,69.80279375513558,9.285127362366474,20.912078882497944
2024-04-15 15:37:32.848767,39735911000001106,3.4921939194741167,47.247329498767456,49.260476581758425
2024-04-15 15:37:32.848767,41896911000001100,3.61544782251438,40.05751848808546,56.32703368940016
2024-04-15 15:37:32.848767,42013311000001109,0.0,19.063270336894,80.936729663106
2024-04-15 15:37:32.848767,42013411000001102,0.0,23.78800328677075,76.21199671322925
2024-04-15 15:37:32.848767,42109411000001106,20.788824979457683,34.63434675431389,44.57682826622843
2024-04-15 15:37:32.848767,42381411000001102,53.28677074774034,19.268693508627774,27.44453574363188
2024-04-16 13:14:09.642262,11763511000001102,10.024650780608052,46.672144617912906,43.303204601479045
2024-04-16 13:14:09.642262,36124211000001103,0.0,42.60476581758422,57.39523418241578
2024-04-16 13:14:09.642262,39694811000001102,6.450287592440428,36.56532456861134,56.98438783894824
2024-04-16 13:14:09.642262,39733011000001106,41.61873459326212,7.806080525883321,50.575184880854565
2024-04-16 13:14:09.642262,39735911000001106,3.4100246507806085,47.32949876746097,49.260476581758425
2024-04-16 13:14:09.642262,41896911000001100,3.4921939194741167,37.22267871815941,59.28512736236648
2024-04-16 13:14:09.642262,42013311000001109,0.0,19.268693508627774,80.73130649137222
2024-04-16 13:14:09.642262,42013411000001102,0.0,23.746918652424,76.253081347576
2024-04-16 13:14:09.642262,42109411000001106,20.54231717337716,33.15529991783073,46.30238290879211
2024-04-16 13:14:09.642262,42381411000001102,41.16680361544782,14.37962202136401,44.45357436318817
2024-04-17 13:14:24.989317,11763511000001102,11.010682004930157,46.38455217748562,42.60476581758422
2024-04-17 13:14:24.989317,36124211000001103,0.0,42.645850451930976,57.354149548069024
2024-04-17 13:14:24.989317,39694811000001102,6.4092029580936725,36.48315529991783,57.1076417419885
2024-04-17 13:14:24.989317,39733011000001106,38.5784716516023,7.723911257189811,53.69761709120788
2024-04-17 13:14:24.989317,39735911000001106,3.574363188167625,46.589975349219394,49.83566146261298
2024-04-17 13:14:24.989317,41896911000001100,3.122432210353328,35.661462612982746,61.21610517666392
2024-04-17 13:14:24.989317,42013311000001109,0.0,19.35086277732128,80.64913722267872
2024-04-17 13:14:24.989317,42013411000001102,0.0,24.075595727198028,75.92440427280197
2024-04-17 13:14:24.989317,42109411000001106,20.17255546425637,33.48397699260477,46.343467543138864
2024-04-17 13:14:24.989317,42381411000001102,39.35907970419063,13.393590797041908,47.247329498767456
2024-04-18 13:11:00.890992,11763511000001102,11.298274445357436,47.206244864420704,41.49548069022186
2024-04-18 13:11:00.890992,36124211000001103,0.0,42.851273623664746,57.14872637633525
2024-04-18 13:11:00.890992,39694811000001102,6.368118323746918,36.44207066557107,57.189811010682
2024-04-18 13:11:00.890992,39733011000001106,40.79704190632704,7.723911257189811,51.47904683648316
2024-04-18 13:11:00.890992,39735911000001106,3.4100246507806085,46.2202136400986,50.36976170912079
2024-04-18 13:11:00.890992,41896911000001100,2.999178307313065,36.72966310599836,60.27115858668858
2024-04-18 13:11:00.890992,42013311000001109,0.0,19.022185702547247,80.97781429745275
2024-04-18 13:11:00.890992,42013411000001102,0.0,23.78800328677075,76.21199671322925
2024-04-18 13:11:00.890992,42109411000001106,20.66557107641741,33.60723089564503,45.72719802793755
2024-04-18 13:11:00.890992,42381411000001102,40.67378800328677,13.681183237469185,45.64502875924404
2024-04-19 13:12:46.641067,11763511000001102,11.750205423171732,47.206244864420704,41.04354971240756
2024-04-19 13:12:46.641067,36124211000001103,0.0,42.81018898931799,57.189811010682
2024-04-19 13:12:46.641067,39694811000001102,11.668036154478228,46.87756778964668,41.4543960558751
2024-04-19 13:12:46.641067,39733011000001106,42.645850451930976,7.723911257189811,49.63023829087921
2024-04-19 13:12:46.641067,39735911000001106,3.4100246507806085,45.52177485620378,51.06820049301562
2024-04-19 13:12:46.641067,41896911000001100,3.574363188167625,36.19556285949055,60.23007395234183
2024-04-19 13:12:46.641067,42013311000001109,0.0,18.77567789646672,81.22432210353327
2024-04-19 13:12:46.641067,42013411000001102,0.0,24.157764995891537,75.84223500410846
2024-04-19 13:12:46.641067,42109411000001106,20.994248151191456,33.853738701725554,45.15201314708299
2024-04-19 13:12:46.641067,42381411000001102,42.645850451930976,14.2974527526705,43.05669679539852
2024-04-20 13:13:45.217170,11763511000001102,12.366474938373049,47.78142974527527,39.85209531635168
2024-04-20 13:13:45.217170,36124211000001103,0.0,42.93344289235826,57.06655710764175
2024-04-20 13:13:45.217170,39694811000001102,11.216105176663929,48.97288414133114,39.81101068200493
2024-04-20 13:13:45.217170,39733011000001106,43.96055875102712,8.01150369761709,48.02793755135579
2024-04-20 13:13:45.217170,39735911000001106,3.3278553820871,44.7822514379622,51.8898931799507
2024-04-20 13:13:45.217170,41896911000001100,3.533278553820871,37.71569433032046,58.75102711585867
2024-04-20 13:13:45.217170,42013311000001109,0.0,19.30977814297453,80.69022185702546
2024-04-20 13:13:45.217170,42013411000001102,0.0,24.691865242399345,75.30813475760066
2024-04-20 13:13:45.217170,42109411000001106,20.912078882497944,33.60723089564503,45.480690221857024
2024-04-20 13:13:45.217170,42381411000001102,43.13886606409203,14.995891536565326,41.86524239934265
2024-04-21 13:17:09.794283,11763511000001102,12.695152013147082,50.534100246507805,36.77074774034511
2024-04-21 13:17:09.794283,36124211000001103,0.0,43.05669679539852,56.94330320460148
2024-04-21 13:17:09.794283,39694811000001102,10.805258833196383,48.5620377978636,40.632703368940014
2024-04-21 13:17:09.794283,39733011000001106,58.6277732128184,8.792111750205423,32.58011503697617
2024-04-21 13:17:09.794283,39735911000001106,3.3689400164338537,44.207066557107645,52.4239934264585
2024-04-21 13:17:09.794283,41896911000001100,3.779786359901397,39.31799506984388,56.902218570254725
2024-04-21 13:17:09.794283,42013311000001109,0.0,18.77567789646672,81.22432210353327
2024-04-21 13:17:09.794283,42013411000001102,0.0,23.952341824157767,76.04765817584223
2024-04-21 13:17:09.794283,42109411000001106,22.18570254724733,34.18241577649959,43.63188167625308
2024-04-21 13:17:09.794283,42381411000001102,50.65735414954807,18.447000821692686,30.895645028759244
2024-04-22 13:17:09.865872,11763511000001102,12.28430566967954,50.61626951520132,37.09942481511915
2024-04-22 13:17:09.865872,36124211000001103,0.0,42.97452752670502,57.02547247329499
2024-04-22 13:17:09.865872,39694811000001102,10.76417419884963,49.260476581758425,39.97534921939195
2024-04-22 13:17:09.865872,39733011000001106,58.87428101889893,8.915365653245686,32.21035332785539
2024-04-22 13:17:09.865872,39735911000001106,3.3278553820871,43.59079704190633,53.08134757600658
2024-04-22 13:17:09.865872,41896911000001100,3.779786359901397,39.15365653245686,57.06655710764175
2024-04-22 13:17:09.865872,42013311000001109,0.0,19.063270336894,80.936729663106
2024-04-22 13:17:09.865872,42013411000001102,0.0,24.691865242399345,75.30813475760066
2024-04-22 13:17:09.865872,42109411000001106,21.44617912900576,34.92193919474117,43.63188167625308
2024-04-22 13:17:09.865872,42381411000001102,50.16433853738703,18.40591618734593,31.42974527526705
2024-04-23 13:17:07.670584,11763511000001102,11.380443714050944,46.30238290879211,42.31717337715694
2024-04-23 13:17:07.670584,36124211000001103,0.0,42.686935086277735,57.313064913722265
2024-04-23 13:17:07.670584,39694811000001102,11.010682004930157,49.34264585045193,39.64667214461791
2024-04-23 13:17:07.670584,39733011000001106,41.3722267871816,8.0936729663106,50.534100246507805
2024-04-23 13:17:07.670584,39735911000001106,3.3689400164338537,42.72801972062449,53.90304026294166
2024-04-23 13:17:07.670584,41896911000001100,3.533278553820871,37.71569433032046,58.75102711585867
2024-04-23 13:17:07.670584,42013311000001109,0.0,19.145439605587512,80.85456039441249
2024-04-23 13:17:07.670584,42013411000001102,0.0,24.65078060805259,75.34921939194741
2024-04-23 13:17:07.670584,42109411000001106,20.87099424815119,33.8126540673788,45.31635168447001
2024-04-23 13:17:07.670584,42381411000001102,40.34511092851273,14.708299096138044,44.94658997534922
2024-04-24 13:12:52.778963,11763511000001102,11.955628594905503,45.97370583401808,42.07066557107642
2024-04-24 13:12:52.778963,36124211000001103,0.0,42.07066557107642,57.92933442892358
2024-04-24 13:12:52.778963,39694811000001102,10.723089564502876,50.08216926869351,39.19474116680362
2024-04-24 13:12:52.778963,39733011000001106,39.769926047658174,8.258011503697617,51.97206244864421
2024-04-24 13:12:52.778963,39735911000001106,2.9580936729663105,42.02958093672967,55.01232539030403
2024-04-24 13:12:52.778963,41896911000001100,3.7387017255546415,36.935086277732125,59.326211996713226
2024-04-24 13:12:52.778963,42013311000001109,0.0,19.268693508627774,80.73130649137222
2024-04-24 13:12:52.778963,42013411000001102,0.0,25.30813475760066,74.69186524239934
2024-04-24 13:12:52.778963,42109411000001106,21.405094494659,33.48397699260477,45.11092851273624
2024-04-24 13:12:52.778963,42381411000001102,39.72884141331142,14.338537387017256,45.93262119967133
2024-04-25 13:13:29.556497,11763511000001102,12.612982744453577,46.46672144617913,40.920295809367296
2024-04-25 13:13:29.556497,36124211000001103,0.0,41.94741166803615,58.05258833196385
2024-04-25 13:13:29.556497,39694811000001102,10.640920295809368,50.04108463434675,39.31799506984388
2024-04-25 13:13:29.556497,39733011000001106,41.00246507806081,8.340180772391125,50.65735414954807
2024-04-25 13:13:29.556497,39735911000001106,2.9580936729663105,41.4543960558751,55.58751027115859
2024-04-25 13:13:29.556497,41896911000001100,4.149548069022186,37.71569433032046,58.13475760065735
2024-04-25 13:13:29.556497,42013311000001109,0.0,19.10435497124076,80.89564502875925
2024-04-25 13:13:29.556497,42013411000001102,0.0,25.34921939194741,74.65078060805259
2024-04-25 13:13:29.556497,42109411000001106,20.912078882497944,33.442892358258014,45.64502875924404
2024-04-25 13:13:29.556497,42381411000001102,41.41331142152835,14.95480690221857,43.63188167625308
2024-04-26 13:14:12.158820,11763511000001102,13.105998356614624,46.672144617912906,40.22185702547248
2024-04-26 13:14:12.158820,36124211000001103,0.0,41.98849630238291,58.01150369761709
2024-04-26 13:14:12.158820,39694811000001102,10.640920295809368,50.16433853738703,39.19474116680362
2024-04-26 13:14:12.158820,39733011000001106,44.61791290057519,8.38126540673788,47.00082169268693
2024-04-26 13:14:12.158820,39735911000001106,2.7526705012325388,41.24897288414133,55.99835661462613
2024-04-26 13:14:12.158820,41896911000001100,4.313886606409203,40.18077239112572,55.50534100246508
2024-04-26 13:14:12.158820,42013311000001109,0.0,19.145439605587512,80.85456039441249
2024-04-26 13:14:12.158820,42013411000001102,0.0,25.267050123253902,74.7329498767461
2024-04-26 13:14:12.158820,42109411000001106,20.788824979457683,33.73048479868529,45.480690221857024
2024-04-26 13:14:12.158820,42381411000001102,42.39934264585045,15.201314708299096,42.39934264585045
2024-04-27 13:11:20.752814,11763511000001102,12.900575184880855,46.71322925225965,40.38619556285949
2024-04-27 13:11:20.752814,36124211000001103,0.0,41.577649958915366,58.42235004108464
2024-04-27 13:11:20.752814,39694811000001102,11.010682004930157,50.534100246507805,38.45521774856204
2024-04-27 13:11:20.752814,39733011000001106,44.45357436318817,8.422350041084634,47.1240755957272
2024-04-27 13:11:20.752814,39735911000001106,2.7937551355792936,40.09860312243221,57.1076417419885
2024-04-27 13:11:20.752814,41896911000001100,4.7247329498767465,40.09860312243221,55.17666392769104
2024-04-27 13:11:20.752814,42013311000001109,0.0,19.35086277732128,80.64913722267872
2024-04-27 13:11:20.752814,42013411000001102,0.0,25.390304026294164,74.60969597370584
2024-04-27 13:11:20.752814,42109411000001106,21.03533278553821,34.100246507806084,44.864420706655714
2024-04-27 13:11:20.752814,42381411000001102,42.851273623664746,15.61216105176664,41.53656532456861
2024-04-28 13:21:46.088285,11763511000001102,13.064913722267873,48.97288414133114,37.96220213640098
2024-04-28 13:21:46.088285,36124211000001103,0.0,41.98849630238291,58.01150369761709
2024-04-28 13:21:46.088285,39694811000001102,10.39441248972884,50.123253903040265,39.4823336072309
2024-04-28 13:21:46.088285,39733011000001106,58.13475760065735,9.408381265406735,32.45686113393591
2024-04-28 13:21:46.088285,39735911000001106,2.7526705012325388,39.769926047658174,57.47740345110929
2024-04-28 13:21:46.088285,41896911000001100,4.889071487263763,43.13886606409203,51.97206244864421
2024-04-28 13:21:46.088285,42013311000001109,0.0,18.898931799506983,81.10106820049302
2024-04-28 13:21:46.088285,42013411000001102,0.0,24.815119145439606,75.1848808545604
2024-04-28 13:21:46.088285,42109411000001106,21.240755957271983,35.16844700082169,43.59079704190633
2024-04-28 13:21:46.088285,42381411000001102,49.87674609695974,19.5152013147083,30.60805258833196
2024-04-30 13:14:06.732875,11763511000001102,11.668036154478228,47.1240755957272,41.20788824979458
2024-04-30 13:14:06.732875,36124211000001103,0.0,41.4543960558751,58.5456039441249
2024-04-30 13:14:06.732875,39694811000001102,10.517666392769105,50.575184880854565,38.907148726376334
2024-04-30 13:14:06.732875,39733011000001106,41.49548069022186,8.545603944124897,49.95891536565325
2024-04-30 13:14:06.732875,39735911000001106,2.7526705012325388,38.86606409202958,58.38126540673788
2024-04-30 13:14:06.732875,41896911000001100,4.806902218570254,42.39934264585045,52.79375513557929
2024-04-30 13:14:06.732875,42013311000001109,0.0,19.638455217748565,80.36154478225144
2024-04-30 13:14:06.732875,42013411000001102,0.0,25.390304026294164,74.60969597370584
2024-04-30 13:14:06.732875,42109411000001106,20.049301561216105,34.67543138866064,45.27526705012325
2024-04-30 13:14:06.732875,42381411000001102,40.632703368940014,14.420706655710765,44.94658997534922
2024-05-04 13:02:16.592146,11763511000001102,10.69078947368421,47.12171052631579,42.1875
2024-05-04 13:02:16.592146,36124211000001103,0.0,41.85855263157895,58.14144736842105
2024-05-04 13:02:16.592146,39694811000001102,10.608552631578949,49.75328947368421,39.63815789473684
2024-05-04 13:02:16.592146,39733011000001106,41.65296052631579,8.552631578947368,49.79440789473684
2024-05-04 13:02:16.592146,39735911000001106,2.055921052631579,36.18421052631579,61.75986842105263
2024-05-04 13:02:16.592146,41896911000001100,4.6875,40.87171052631579,54.44078947368421
2024-05-04 13:02:16.592146,42013311000001109,0.0,19.777960526315788,80.22203947368422
2024-05-04 13:02:16.592146,42013411000001102,0.0,25.411184210526315,74.58881578947368
2024-05-04 13:02:16.592146,42109411000001106,20.80592105263158,34.16940789473684,45.024671052631575
2024-05-04 13:02:16.592146,42381411000001102,41.694078947368425,15.090460526315788,43.21546052631579
2024-05-05 13:47:59.571759,11763511000001102,11.70912078882498,50.4519309778143,37.838948233360725
2024-05-05 13:47:59.571759,36124211000001103,0.0,42.35825801150369,57.6417419884963
2024-05-05 13:47:59.571759,39694811000001102,10.065735414954808,49.013968775677895,40.920295809367296
2024-05-05 13:47:59.571759,39733011000001106,58.38126540673788,9.285127362366474,32.333607230895645
2024-05-05 13:47:59.571759,39735911000001106,2.0131470829909617,35.57929334428923,62.407559572719805
2024-05-05 13:47:59.571759,41896911000001100,5.012325390304026,42.19391947411668,52.79375513557929
2024-05-05 13:47:59.571759,42013311000001109,0.0,19.55628594905505,80.44371405094495
2024-05-05 13:47:59.571759,42013411000001102,0.0,24.2810188989318,75.71898110106821
2024-05-05 13:47:59.571759,42109411000001106,21.11750205423172,35.45603944124897,43.42645850451931
2024-05-05 13:47:59.571759,42381411000001102,50.24650780608052,18.20049301561216,31.55299917830731
2024-05-06 13:10:57.955112,11763511000001102,11.25718981101068,50.575184880854565,38.16762530813476
2024-05-06 13:10:57.955112,36124211000001103,0.0,42.35825801150369,57.6417419884963
2024-05-06 13:10:57.955112,39694811000001102,9.983566146261298,48.35661462612983,41.65981922760887
2024-05-06 13:10:57.955112,39733011000001106,57.51848808545604,9.285127362366474,33.19638455217749
2024-05-06 13:10:57.955112,39735911000001106,1.848808545603944,35.37387017255546,62.77732128184059
2024-05-06 13:10:57.955112,41896911000001100,4.806902218570254,42.11175020542317,53.08134757600658
2024-05-06 13:10:57.955112,42013311000001109,0.0,19.5152013147083,80.48479868529171
2024-05-06 13:10:57.955112,42013411000001102,0.0,24.034511092851275,75.96548890714872
2024-05-06 13:10:57.955112,42109411000001106,20.58340180772391,35.94905505341002,43.46754313886606
2024-05-06 13:10:57.955112,42381411000001102,49.75349219391948,18.159408381265408,32.08709942481512
2024-05-08 13:01:51.970696,11763511000001102,11.513157894736842,46.01151315789473,42.475328947368425
2024-05-08 13:01:51.970696,36124211000001103,0.0,41.899671052631575,58.10032894736842
2024-05-08 13:01:51.970696,39694811000001102,10.567434210526317,48.725328947368425,40.70723684210527
2024-05-08 13:01:51.970696,39733011000001106,37.17105263157895,8.758223684210527,54.070723684210535
2024-05-08 13:01:51.970696,39735911000001106,2.384868421052632,38.89802631578947,58.7171052631579
2024-05-08 13:01:51.970696,41896911000001100,5.180921052631579,43.00986842105263,51.80921052631579
2024-05-08 13:01:51.970696,42013311000001109,0.0,19.695723684210524,80.30427631578947
2024-05-08 13:01:51.970696,42013411000001102,0.0,24.83552631578948,75.16447368421053
2024-05-08 13:01:51.970696,42109411000001106,20.14802631578948,34.745065789473685,45.10690789473684
2024-05-08 13:01:51.970696,42381411000001102,38.32236842105263,14.268092105263158,47.40953947368421
2024-05-09 13:10:24.081652,11763511000001102,10.485197368421051,44.86019736842105,44.65460526315789
2024-05-09 13:10:24.081652,36124211000001103,0.0,41.65296052631579,58.34703947368421
2024-05-09 13:10:24.081652,39694811000001102,10.40296052631579,49.79440789473684,39.80263157894737
2024-05-09 13:10:24.081652,39733011000001106,35.444078947368425,8.552631578947368,56.00328947368421
2024-05-09 13:10:24.081652,39735911000001106,3.0427631578947367,42.02302631578947,54.93421052631579
2024-05-09 13:10:24.081652,41896911000001100,5.345394736842105,41.85855263157895,52.79605263157895
2024-05-09 13:10:24.081652,42013311000001109,0.0,20.43585526315789,79.5641447368421
2024-05-09 13:10:24.081652,42013411000001102,0.0,25.49342105263157,74.50657894736842
2024-05-09 13:10:24.081652,42109411000001106,19.777960526315788,34.29276315789473,45.92927631578947
2024-05-09 13:10:24.081652,42381411000001102,38.81578947368421,13.404605263157896,47.77960526315789
2024-05-10 13:15:15.103549,11763511000001102,10.115131578947368,47.28618421052632,42.59868421052632
2024-05-10 13:15:15.103549,36124211000001103,0.0,41.03618421052632,58.963815789473685
2024-05-10 13:15:15.103549,39694811000001102,10.44407894736842,49.79440789473684,39.76151315789473
2024-05-10 13:15:15.103549,39733011000001106,38.32236842105263,8.758223684210527,52.91940789473685
2024-05-10 13:15:15.103549,39735911000001106,3.412828947368421,43.62664473684211,52.960526315789465
2024-05-10 13:15:15.103549,41896911000001100,5.46875,42.557565789473685,51.97368421052632
2024-05-10 13:15:15.103549,42013311000001109,0.0,20.35361842105264,79.64638157894737
2024-05-10 13:15:15.103549,42013411000001102,0.0,25.49342105263157,74.50657894736842
2024-05-10 13:15:15.103549,42109411000001106,20.02467105263158,34.29276315789473,45.682565789473685
2024-05-10 13:15:15.103549,42381411000001102,40.337171052631575,14.226973684210526,45.43585526315789
2024-05-11 13:18:34.714847,11763511000001102,11.147675853558209,47.4290415466886,41.42328259975319
2024-05-11 13:18:34.714847,36124211000001103,0.0,40.84738790621144,59.15261209378856
2024-05-11 13:18:34.714847,39694811000001102,10.366104483751542,49.362402303578776,40.27149321266968
2024-05-11 13:18:34.714847,39733011000001106,42.53393665158371,8.844097079391197,48.62196626902509
2024-05-11 13:18:34.714847,39735911000001106,3.331962155491567,43.43891402714932,53.22912381735912
2024-05-11 13:18:34.714847,41896911000001100,5.059646236116825,41.83463595228301,53.10571781160016
2024-05-11 13:18:34.714847,42013311000001109,0.0,19.82723159193748,80.17276840806252
2024-05-11 13:18:34.714847,42013411000001102,0.0,25.87412587412588,74.12587412587412
2024-05-11 13:18:34.714847,42109411000001106,20.44426162073221,34.34800493624023,45.20773344302756
2024-05-11 13:18:34.714847,42381411000001102,41.91690662278897,14.027149321266968,44.05594405594406
2024-05-13 13:10:36.442841,11763511000001102,12.052653229123818,49.81489099136158,38.1324557795146
2024-05-13 13:10:36.442841,36124211000001103,0.0,41.13533525298232,58.86466474701769
2024-05-13 13:10:36.442841,39694811000001102,9.58453311394488,49.48580830933772,40.9296585767174
2024-05-13 13:10:36.442841,39733011000001106,57.05470999588647,9.79020979020979,33.155080213903744
2024-05-13 13:10:36.442841,39735911000001106,3.37309749074455,42.863019333607575,53.76388317564789
2024-05-13 13:10:36.442841,41896911000001100,5.429864253393665,44.4261620732209,50.14397367338543
2024-05-13 13:10:36.442841,42013311000001109,0.0,19.662690250925547,80.33730974907446
2024-05-13 13:10:36.442841,42013411000001102,0.0,25.339366515837103,74.6606334841629
2024-05-13 13:10:36.442841,42109411000001106,20.19744960921432,35.870012340600574,43.93253805018511
2024-05-13 13:10:36.442841,42381411000001102,47.9226655697244,18.59317153434801,33.4841628959276
2024-05-14 13:12:32.922780,11763511000001102,10.530645824763472,46.935417523652816,42.53393665158371
2024-05-14 13:12:32.922780,36124211000001103,0.0,40.64171122994652,59.35828877005348
2024-05-14 13:12:32.922780,39694811000001102,10.11929247223365,48.78650761003702,41.09419991772933
2024-05-14 13:12:32.922780,39733011000001106,38.091320444261626,8.802961744138214,53.10571781160016
2024-05-14 13:12:32.922780,39735911000001106,3.37309749074455,42.45166598107775,54.175236528177706
2024-05-14 13:12:32.922780,41896911000001100,4.771698889345948,41.99917729329494,53.22912381735912
2024-05-14 13:12:32.922780,42013311000001109,0.0,20.07404360345537,79.92595639654463
2024-05-14 13:12:32.922780,42013411000001102,0.0,25.46277252159605,74.53722747840395
2024-05-14 13:12:32.922780,42109411000001106,20.2385849444673,34.71822295351707,45.04319210201563
2024-05-14 13:12:32.922780,42381411000001102,38.667215137803375,14.76758535582065,46.565199506375976
2024-05-15 13:14:05.836722,11763511000001102,11.106540518305223,45.74249280131633,43.150966680378446
2024-05-15 13:14:05.836722,36124211000001103,0.0,40.353763883175645,59.64623611682435
2024-05-15 13:14:05.836722,39694811000001102,9.749074454956808,48.3751542575072,41.875771287536
2024-05-15 13:14:05.836722,39733011000001106,36.44590703414233,8.761826408885232,54.79226655697244
2024-05-15 13:14:05.836722,39735911000001106,3.167420814479638,41.6289592760181,55.203619909502265
2024-05-15 13:14:05.836722,41896911000001100,4.936240230357877,41.42328259975319,53.64047716988893
2024-05-15 13:14:05.836722,42013311000001109,0.0,20.27972027972028,79.72027972027972
2024-05-15 13:14:05.836722,42013411000001102,0.0,25.42163718634307,74.57836281365692
2024-05-15 13:14:05.836722,42109411000001106,20.896750308515013,34.06005758946936,45.04319210201563
2024-05-15 13:14:05.836722,42381411000001102,36.69271904566022,14.109419991772937,49.19786096256685
2024-05-16 13:14:40.259140,11763511000001102,11.517893870835048,47.18222953517071,41.29987659399424
2024-05-16 13:14:40.259140,36124211000001103,0.0,40.4771698889346,59.5228301110654
2024-05-16 13:14:40.259140,39694811000001102,9.749074454956808,46.9765528589058,43.27437268613739
2024-05-16 13:14:40.259140,39733011000001106,38.54380913204443,8.802961744138214,52.65322912381736
2024-05-16 13:14:40.259140,39735911000001106,3.044014808720691,40.84738790621144,56.10859728506787
2024-05-16 13:14:40.259140,41896911000001100,5.059646236116825,42.16371863430687,52.77663512957631
2024-05-16 13:14:40.259140,42013311000001109,0.0,19.58041958041958,80.41958041958041
2024-05-16 13:14:40.259140,42013411000001102,0.0,25.298231180584125,74.70176881941588
2024-05-16 13:14:40.259140,42109411000001106,20.11517893870835,34.59481694775812,45.29000411353353
2024-05-16 13:14:40.259140,42381411000001102,38.95516248457425,15.13780337309749,45.90703414232826
2024-05-17 13:13:27.301187,11763511000001102,11.02426984779926,45.82476347182229,43.150966680378446
2024-05-17 13:13:27.301187,36124211000001103,0.0,40.68284656519951,59.317153434800495
2024-05-17 13:13:27.301187,39694811000001102,8.967503085150144,47.38790621143562,43.64459070341423
2024-05-17 13:13:27.301187,39733011000001106,40.88852324146442,8.720691073632251,50.39078568490333
2024-05-17 13:13:27.301187,39735911000001106,3.0028794734677087,40.4771698889346,56.519950637597695
2024-05-17 13:13:27.301187,41896911000001100,5.265322912381736,41.875771287536,52.85890580008227
2024-05-17 13:13:27.301187,42013311000001109,0.0,19.703825586178528,80.29617441382148
2024-05-17 13:13:27.301187,42013411000001102,0.0,25.215960510078155,74.78403948992184
2024-05-17 13:13:27.301187,42109411000001106,20.2385849444673,33.93665158371041,45.82476347182229
2024-05-17 13:13:27.301187,42381411000001102,38.95516248457425,14.520773344302755,46.524064171122994
2024-05-18 13:11:55.477813,11763511000001102,11.476758535582066,46.03044014808721,42.49280131633073
2024-05-18 13:11:55.477813,36124211000001103,0.0,40.64171122994652,59.35828877005348
2024-05-18 13:11:55.477813,39694811000001102,8.88523241464418,46.85314685314685,44.26162073220897
2024-05-18 13:11:55.477813,39733011000001106,44.30275606746195,8.638420403126286,47.05882352941176
2024-05-18 13:11:55.477813,39735911000001106,2.9206088029617443,39.94241053064582,57.13698066639243
2024-05-18 13:11:55.477813,41896911000001100,4.81283422459893,41.99917729329494,53.18798848210613
2024-05-18 13:11:55.477813,42013311000001109,0.0,19.62155491567256,80.37844508432744
2024-05-18 13:11:55.477813,42013411000001102,0.0,25.380501851090088,74.61949814890991
2024-05-18 13:11:55.477813,42109411000001106,20.732208967503084,34.10119292472233,45.16659810777458
2024-05-18 13:11:55.477813,42381411000001102,42.081447963800905,14.76758535582065,43.150966680378446
2024-05-19 13:18:58.786495,11763511000001102,12.217194570135746,49.238996297819824,38.54380913204443
2024-05-19 13:18:58.786495,36124211000001103,0.0,40.88852324146442,59.11147675853559
2024-05-19 13:18:58.786495,39694811000001102,8.432743726861373,46.194981489099135,45.37227478403949
2024-05-19 13:18:58.786495,39733011000001106,57.75401069518716,9.461127108185932,32.784862196626904
2024-05-19 13:18:58.786495,39735911000001106,2.7149321266968327,39.81900452488688,57.466063348416284
2024-05-19 13:18:58.786495,41896911000001100,5.224187577128753,43.89140271493213,50.88440970793911
2024-05-19 13:18:58.786495,42013311000001109,0.0,19.169066227889758,80.83093377211024
2024-05-19 13:18:58.786495,42013411000001102,0.0,24.92801316330728,75.07198683669272
2024-05-19 13:18:58.786495,42109411000001106,21.390374331550802,34.75935828877005,43.85026737967914
2024-05-19 13:18:58.786495,42381411000001102,49.89716166186754,18.51090086384204,31.591937474290415
